product_category_name_english,customer_state,state_weight
agro_industry_and_commerce,AL,0.005747126436781609
agro_industry_and_commerce,AP,0.005747126436781609
agro_industry_and_commerce,BA,0.017241379310344827
agro_industry_and_commerce,CE,0.011494252873563218
agro_industry_and_commerce,ES,0.011494252873563218
agro_industry_and_commerce,GO,0.028735632183908046
agro_industry_and_commerce,MG,0.08045977011494253
agro_industry_and_commerce,MS,0.017241379310344827
agro_industry_and_commerce,MT,0.011494252873563218
agro_industry_and_commerce,PA,0.011494252873563218
agro_industry_and_commerce,PB,0.005747126436781609
agro_industry_and_commerce,PE,0.028735632183908046
agro_industry_and_commerce,PI,0.017241379310344827
agro_industry_and_commerce,PR,0.06896551724137931
agro_industry_and_commerce,RJ,0.13218390804597702
agro_industry_and_commerce,RS,0.05172413793103448
agro_industry_and_commerce,SC,0.017241379310344827
agro_industry_and_commerce,SP,0.47701149425287354
air_conditioning,AL,0.00425531914893617
air_conditioning,AM,0.00425531914893617
air_conditioning,BA,0.02553191489361702
air_conditioning,CE,0.00851063829787234
air_conditioning,DF,0.01276595744680851
air_conditioning,ES,0.02553191489361702
air_conditioning,GO,0.02553191489361702
air_conditioning,MA,0.00425531914893617
air_conditioning,MG,0.07659574468085106
air_conditioning,MT,0.01276595744680851
air_conditioning,PB,0.00425531914893617
air_conditioning,PE,0.00425531914893617
air_conditioning,PI,0.01276595744680851
air_conditioning,PR,0.03829787234042553
air_conditioning,RJ,0.225531914893617
air_conditioning,RS,0.0425531914893617
air_conditioning,SC,0.00425531914893617
air_conditioning,SP,0.46808510638297873
art,AM,0.005319148936170213
art,AP,0.010638297872340425
art,BA,0.05319148936170213
art,DF,0.026595744680851064
art,ES,0.005319148936170213
art,GO,0.015957446808510637
art,MG,0.09574468085106383
art,MS,0.005319148936170213
art,MT,0.005319148936170213
art,PA,0.010638297872340425
art,PB,0.005319148936170213
art,PE,0.005319148936170213
art,PI,0.005319148936170213
art,PR,0.03723404255319149
art,RJ,0.1595744680851064
art,RN,0.005319148936170213
art,RO,0.010638297872340425
art,RS,0.0425531914893617
art,SC,0.031914893617021274
art,SP,0.4627659574468085
arts_and_craftmanship,DF,0.05
arts_and_craftmanship,MG,0.25
arts_and_craftmanship,SC,0.05
arts_and_craftmanship,SP,0.65
audio,AL,0.014792899408284023
audio,AM,0.0029585798816568047
audio,BA,0.038461538461538464
audio,CE,0.014792899408284023
audio,DF,0.047337278106508875
audio,ES,0.038461538461538464
audio,GO,0.01775147928994083
audio,MA,0.008875739644970414
audio,MG,0.09171597633136094
audio,MS,0.0029585798816568047
audio,MT,0.011834319526627219
audio,PA,0.0029585798816568047
audio,PB,0.0029585798816568047
audio,PE,0.011834319526627219
audio,PI,0.011834319526627219
audio,PR,0.047337278106508875
audio,RJ,0.15680473372781065
audio,RN,0.0029585798816568047
audio,RS,0.047337278106508875
audio,SC,0.026627218934911243
audio,SP,0.39644970414201186
audio,TO,0.0029585798816568047
auto,AC,0.0010799136069114472
auto,AL,0.005669546436285098
auto,AM,0.0010799136069114472
auto,AP,0.0008099352051835853
auto,BA,0.03860691144708423
auto,CE,0.014308855291576673
auto,DF,0.026727861771058316
auto,ES,0.021058315334773217
auto,GO,0.018898488120950324
auto,MA,0.009989200863930885
auto,MG,0.12095032397408208
auto,MS,0.0064794816414686825
auto,MT,0.012688984881209503
auto,PA,0.011069114470842332
auto,PB,0.005939524838012959
auto,PE,0.01970842332613391
auto,PI,0.007289416846652268
auto,PR,0.05399568034557235
auto,RJ,0.10475161987041037
auto,RN,0.00458963282937365
auto,RO,0.0026997840172786176
auto,RR,0.0002699784017278618
auto,RS,0.0458963282937365
auto,SC,0.0423866090712743
auto,SE,0.0051295896328293735
auto,SP,0.41414686825054
auto,TO,0.003779697624190065
baby,AC,0.001114413075780089
baby,AL,0.002600297176820208
baby,AM,0.0018573551263001485
baby,BA,0.033060921248142645
baby,CE,0.010772659732540862
baby,DF,0.0237741456166419
baby,ES,0.021173848439821695
baby,GO,0.018202080237741457
baby,MA,0.009658246656760773
baby,MG,0.12295690936106983
baby,MS,0.009658246656760773
baby,MT,0.011144130757800892
baby,PA,0.015230312035661218
baby,PB,0.004457652303120356
baby,PE,0.015230312035661218
baby,PI,0.004086181277860327
baby,PR,0.05274888558692422
baby,RJ,0.11924219910846955
baby,RN,0.0048291233283803865
baby,RO,0.0033432392273402673
baby,RR,0.0003714710252600297
baby,RS,0.06946508172362556
baby,SC,0.034546805349182766
baby,SE,0.0029717682020802376
baby,SP,0.4049034175334324
baby,TO,0.002600297176820208
bed_bath_table,AC,0.00022888532845044633
bed_bath_table,AL,0.002059967956054017
bed_bath_table,AM,0.0005722133211261158
bed_bath_table,AP,0.00022888532845044633
bed_bath_table,BA,0.02311741817349508
bed_bath_table,CE,0.007553215838864729
bed_bath_table,DF,0.017967498283360035
bed_bath_table,ES,0.021515220874341955
bed_bath_table,GO,0.020141908903639278
bed_bath_table,MA,0.0036621652552071412
bed_bath_table,MG,0.12073701075761044
bed_bath_table,MS,0.005951018539711604
bed_bath_table,MT,0.005951018539711604
bed_bath_table,PA,0.0036621652552071412
bed_bath_table,PB,0.0032043945983062485
bed_bath_table,PE,0.008583199816891738
bed_bath_table,PI,0.0024032959487296866
bed_bath_table,PR,0.042915999084458686
bed_bath_table,RJ,0.14591439688715954
bed_bath_table,RN,0.002632181277180133
bed_bath_table,RO,0.001487754634927901
bed_bath_table,RR,0.00022888532845044633
bed_bath_table,RS,0.0573357747768368
bed_bath_table,SC,0.029068436713206684
bed_bath_table,SE,0.0016021972991531242
bed_bath_table,SP,0.4703593499656672
bed_bath_table,TO,0.0009155413138017853
books_general_interest,AC,0.004132231404958678
books_general_interest,AL,0.002066115702479339
books_general_interest,AM,0.002066115702479339
books_general_interest,BA,0.028925619834710745
books_general_interest,CE,0.014462809917355372
books_general_interest,DF,0.028925619834710745
books_general_interest,ES,0.01652892561983471
books_general_interest,GO,0.024793388429752067
books_general_interest,MA,0.006198347107438017
books_general_interest,MG,0.10330578512396695
books_general_interest,MS,0.004132231404958678
books_general_interest,MT,0.002066115702479339
books_general_interest,PA,0.006198347107438017
books_general_interest,PB,0.006198347107438017
books_general_interest,PE,0.014462809917355372
books_general_interest,PI,0.002066115702479339
books_general_interest,PR,0.06818181818181818
books_general_interest,RJ,0.09710743801652892
books_general_interest,RN,0.04338842975206612
books_general_interest,RO,0.002066115702479339
books_general_interest,RS,0.05785123966942149
books_general_interest,SC,0.04132231404958678
books_general_interest,SE,0.002066115702479339
books_general_interest,SP,0.4194214876033058
books_general_interest,TO,0.002066115702479339
books_imported,BA,0.020833333333333332
books_imported,MA,0.020833333333333332
books_imported,MG,0.10416666666666667
books_imported,PA,0.020833333333333332
books_imported,PR,0.041666666666666664
books_imported,RJ,0.08333333333333333
books_imported,RS,0.041666666666666664
books_imported,SC,0.020833333333333332
books_imported,SE,0.020833333333333332
books_imported,SP,0.625
books_technical,BA,0.03968253968253968
books_technical,CE,0.011904761904761904
books_technical,DF,0.015873015873015872
books_technical,ES,0.05555555555555555
books_technical,GO,0.007936507936507936
books_technical,MA,0.011904761904761904
books_technical,MG,0.10317460317460317
books_technical,MS,0.015873015873015872
books_technical,MT,0.01984126984126984
books_technical,PA,0.007936507936507936
books_technical,PE,0.015873015873015872
books_technical,PI,0.007936507936507936
books_technical,PR,0.05952380952380952
books_technical,RJ,0.11507936507936507
books_technical,RN,0.003968253968253968
books_technical,RS,0.047619047619047616
books_technical,SC,0.031746031746031744
books_technical,SP,0.42063492063492064
books_technical,TO,0.007936507936507936
cds_dvds_musicals,MA,0.08333333333333333
cds_dvds_musicals,RJ,0.16666666666666666
cds_dvds_musicals,RS,0.25
cds_dvds_musicals,SP,0.5
christmas_supplies,AC,0.00819672131147541
christmas_supplies,BA,0.06557377049180328
christmas_supplies,CE,0.01639344262295082
christmas_supplies,DF,0.040983606557377046
christmas_supplies,ES,0.00819672131147541
christmas_supplies,GO,0.02459016393442623
christmas_supplies,MA,0.00819672131147541
christmas_supplies,MG,0.13934426229508196
christmas_supplies,MS,0.00819672131147541
christmas_supplies,MT,0.00819672131147541
christmas_supplies,PA,0.00819672131147541
christmas_supplies,PE,0.03278688524590164
christmas_supplies,PR,0.040983606557377046
christmas_supplies,RJ,0.09016393442622951
christmas_supplies,RN,0.00819672131147541
christmas_supplies,RO,0.01639344262295082
christmas_supplies,RS,0.040983606557377046
christmas_supplies,SC,0.08196721311475409
christmas_supplies,SP,0.3524590163934426
cine_photo,BA,0.04838709677419355
cine_photo,DF,0.016129032258064516
cine_photo,ES,0.016129032258064516
cine_photo,GO,0.016129032258064516
cine_photo,MA,0.016129032258064516
cine_photo,MG,0.08064516129032258
cine_photo,MT,0.016129032258064516
cine_photo,PA,0.03225806451612903
cine_photo,PE,0.016129032258064516
cine_photo,PR,0.03225806451612903
cine_photo,RJ,0.08064516129032258
cine_photo,RS,0.14516129032258066
cine_photo,SC,0.04838709677419355
cine_photo,SP,0.43548387096774194
computers,AC,0.005780346820809248
computers,AL,0.011560693641618497
computers,AM,0.005780346820809248
computers,AP,0.005780346820809248
computers,BA,0.10404624277456648
computers,CE,0.03468208092485549
computers,DF,0.03468208092485549
computers,ES,0.017341040462427744
computers,GO,0.011560693641618497
computers,MA,0.028901734104046242
computers,MG,0.10404624277456648
computers,MS,0.005780346820809248
computers,MT,0.011560693641618497
computers,PA,0.023121387283236993
computers,PB,0.023121387283236993
computers,PE,0.046242774566473986
computers,PI,0.017341040462427744
computers,PR,0.023121387283236993
computers,RJ,0.11560693641618497
computers,RO,0.011560693641618497
computers,RS,0.046242774566473986
computers,SC,0.023121387283236993
computers,SE,0.005780346820809248
computers,SP,0.2774566473988439
computers,TO,0.005780346820809248
computers_accessories,AC,0.0009534403305259812
computers_accessories,AL,0.005085015096138567
computers_accessories,AM,0.0015890672175433022
computers_accessories,AP,0.0009534403305259812
computers_accessories,BA,0.03337041156840934
computers_accessories,CE,0.012235817575083427
computers_accessories,DF,0.020181153662799937
computers_accessories,ES,0.02161131415858891
computers_accessories,GO,0.01668520578420467
computers_accessories,MA,0.009375496583505482
computers_accessories,MG,0.13316383283012873
computers_accessories,MS,0.008422056252979501
computers_accessories,MT,0.006674082313681869
computers_accessories,PA,0.012394724296837757
computers_accessories,PB,0.006356268870173209
computers_accessories,PE,0.01589067217543302
computers_accessories,PI,0.0055617352614015575
computers_accessories,PR,0.05053233751787701
computers_accessories,RJ,0.1252184967424122
computers_accessories,RN,0.003972668043858255
computers_accessories,RO,0.0027014142698236136
computers_accessories,RR,0.0006356268870173208
computers_accessories,RS,0.059272207214365165
computers_accessories,SC,0.040521214047354204
computers_accessories,SE,0.005085015096138567
computers_accessories,SP,0.3986969648816145
computers_accessories,TO,0.002860320991577944
consoles_games,AC,0.001002004008016032
consoles_games,AL,0.0070140280561122245
consoles_games,AM,0.002004008016032064
consoles_games,AP,0.001002004008016032
consoles_games,BA,0.031062124248496994
consoles_games,CE,0.01503006012024048
consoles_games,DF,0.026052104208416832
consoles_games,ES,0.01903807615230461
consoles_games,GO,0.021042084168336674
consoles_games,MA,0.006012024048096192
consoles_games,MG,0.11623246492985972
consoles_games,MS,0.006012024048096192
consoles_games,MT,0.009018036072144289
consoles_games,PA,0.014028056112224449
consoles_games,PB,0.0070140280561122245
consoles_games,PE,0.01903807615230461
consoles_games,PI,0.006012024048096192
consoles_games,PR,0.036072144288577156
consoles_games,RJ,0.12224448897795591
consoles_games,RN,0.006012024048096192
consoles_games,RO,0.001002004008016032
consoles_games,RS,0.05511022044088176
consoles_games,SC,0.033066132264529056
consoles_games,SE,0.00501002004008016
consoles_games,SP,0.4318637274549098
consoles_games,TO,0.003006012024048096
construction_tools_construction,AL,0.00141643059490085
construction_tools_construction,BA,0.0339943342776204
construction_tools_construction,CE,0.012747875354107648
construction_tools_construction,DF,0.014164305949008499
construction_tools_construction,ES,0.014164305949008499
construction_tools_construction,GO,0.009915014164305949
construction_tools_construction,MA,0.00141643059490085
construction_tools_construction,MG,0.12889518413597734
construction_tools_construction,MS,0.0113314447592068
construction_tools_construction,MT,0.009915014164305949
construction_tools_construction,PA,0.0028328611898017
construction_tools_construction,PB,0.00141643059490085
construction_tools_construction,PE,0.012747875354107648
construction_tools_construction,PR,0.06232294617563739
construction_tools_construction,RJ,0.13739376770538245
construction_tools_construction,RN,0.0084985835694051
construction_tools_construction,RO,0.0056657223796034
construction_tools_construction,RS,0.046742209631728045
construction_tools_construction,SC,0.029745042492917848
construction_tools_construction,SP,0.4546742209631728
construction_tools_lights,BA,0.02252252252252252
construction_tools_lights,CE,0.0045045045045045045
construction_tools_lights,DF,0.018018018018018018
construction_tools_lights,ES,0.02252252252252252
construction_tools_lights,GO,0.02252252252252252
construction_tools_lights,MA,0.0045045045045045045
construction_tools_lights,MG,0.14864864864864866
construction_tools_lights,MS,0.02252252252252252
construction_tools_lights,MT,0.009009009009009009
construction_tools_lights,PA,0.0045045045045045045
construction_tools_lights,PE,0.009009009009009009
construction_tools_lights,PI,0.0045045045045045045
construction_tools_lights,PR,0.05855855855855856
construction_tools_lights,RJ,0.07207207207207207
construction_tools_lights,RS,0.06306306306306306
construction_tools_lights,SC,0.04054054054054054
construction_tools_lights,SE,0.0045045045045045045
construction_tools_lights,SP,0.46396396396396394
construction_tools_lights,TO,0.0045045045045045045
construction_tools_safety,BA,0.040268456375838924
construction_tools_safety,CE,0.026845637583892617
construction_tools_safety,DF,0.020134228187919462
construction_tools_safety,GO,0.03355704697986577
construction_tools_safety,MG,0.14093959731543623
construction_tools_safety,MS,0.013422818791946308
construction_tools_safety,MT,0.020134228187919462
construction_tools_safety,PB,0.020134228187919462
construction_tools_safety,PE,0.020134228187919462
construction_tools_safety,PR,0.087248322147651
construction_tools_safety,RJ,0.09395973154362416
construction_tools_safety,RN,0.006711409395973154
construction_tools_safety,RO,0.006711409395973154
construction_tools_safety,RS,0.03355704697986577
construction_tools_safety,SC,0.08053691275167785
construction_tools_safety,SE,0.006711409395973154
construction_tools_safety,SP,0.348993288590604
cool_stuff,AC,0.0002880184331797235
cool_stuff,AL,0.0037442396313364054
cool_stuff,AM,0.001152073732718894
cool_stuff,AP,0.000576036866359447
cool_stuff,BA,0.03773041474654378
cool_stuff,CE,0.012672811059907835
cool_stuff,DF,0.021601382488479263
cool_stuff,ES,0.018145161290322582
cool_stuff,GO,0.02304147465437788
cool_stuff,MA,0.009216589861751152
cool_stuff,MG,0.12125576036866359
cool_stuff,MS,0.006336405529953917
cool_stuff,MT,0.01238479262672811
cool_stuff,PA,0.012960829493087557
cool_stuff,PB,0.006048387096774193
cool_stuff,PE,0.020161290322580645
cool_stuff,PI,0.00576036866359447
cool_stuff,PR,0.05673963133640553
cool_stuff,RJ,0.1359447004608295
cool_stuff,RN,0.00576036866359447
cool_stuff,RO,0.0034562211981566822
cool_stuff,RR,0.000576036866359447
cool_stuff,RS,0.0699884792626728
cool_stuff,SC,0.04205069124423963
cool_stuff,SE,0.004896313364055299
cool_stuff,SP,0.3629032258064516
cool_stuff,TO,0.004608294930875576
costruction_tools_garden,AM,0.0056179775280898875
costruction_tools_garden,BA,0.03932584269662921
costruction_tools_garden,CE,0.033707865168539325
costruction_tools_garden,DF,0.028089887640449437
costruction_tools_garden,ES,0.011235955056179775
costruction_tools_garden,GO,0.028089887640449437
costruction_tools_garden,MG,0.09550561797752809
costruction_tools_garden,MS,0.011235955056179775
costruction_tools_garden,PA,0.0056179775280898875
costruction_tools_garden,PB,0.0056179775280898875
costruction_tools_garden,PE,0.033707865168539325
costruction_tools_garden,PI,0.02247191011235955
costruction_tools_garden,PR,0.028089887640449437
costruction_tools_garden,RJ,0.15168539325842698
costruction_tools_garden,RN,0.016853932584269662
costruction_tools_garden,RO,0.011235955056179775
costruction_tools_garden,RS,0.033707865168539325
costruction_tools_garden,SC,0.02247191011235955
costruction_tools_garden,SP,0.4157303370786517
costruction_tools_tools,BA,0.0425531914893617
costruction_tools_tools,CE,0.010638297872340425
costruction_tools_tools,ES,0.0425531914893617
costruction_tools_tools,GO,0.05319148936170213
costruction_tools_tools,MG,0.1702127659574468
costruction_tools_tools,MT,0.010638297872340425
costruction_tools_tools,PA,0.010638297872340425
costruction_tools_tools,PB,0.010638297872340425
costruction_tools_tools,PE,0.010638297872340425
costruction_tools_tools,PR,0.07446808510638298
costruction_tools_tools,RJ,0.09574468085106383
costruction_tools_tools,RS,0.0851063829787234
costruction_tools_tools,SC,0.05319148936170213
costruction_tools_tools,SP,0.32978723404255317
diapers_and_hygiene,CE,0.041666666666666664
diapers_and_hygiene,MG,0.041666666666666664
diapers_and_hygiene,PB,0.041666666666666664
diapers_and_hygiene,PR,0.08333333333333333
diapers_and_hygiene,RJ,0.08333333333333333
diapers_and_hygiene,SP,0.7083333333333334
drinks,AL,0.003745318352059925
drinks,AM,0.003745318352059925
drinks,BA,0.018726591760299626
drinks,CE,0.00749063670411985
drinks,DF,0.018726591760299626
drinks,ES,0.011235955056179775
drinks,GO,0.0149812734082397
drinks,MG,0.06741573033707865
drinks,MS,0.0149812734082397
drinks,MT,0.003745318352059925
drinks,PA,0.003745318352059925
drinks,PI,0.003745318352059925
drinks,PR,0.033707865168539325
drinks,RJ,0.149812734082397
drinks,RS,0.03745318352059925
drinks,SC,0.052434456928838954
drinks,SP,0.5543071161048689
dvds_blu_ray,AL,0.018518518518518517
dvds_blu_ray,DF,0.05555555555555555
dvds_blu_ray,GO,0.018518518518518517
dvds_blu_ray,MG,0.07407407407407407
dvds_blu_ray,MS,0.05555555555555555
dvds_blu_ray,PE,0.037037037037037035
dvds_blu_ray,PI,0.018518518518518517
dvds_blu_ray,PR,0.037037037037037035
dvds_blu_ray,RJ,0.2037037037037037
dvds_blu_ray,RN,0.018518518518518517
dvds_blu_ray,RO,0.018518518518518517
dvds_blu_ray,RS,0.07407407407407407
dvds_blu_ray,SC,0.037037037037037035
dvds_blu_ray,SP,0.3333333333333333
electronics,AC,0.0016233766233766235
electronics,AL,0.00487012987012987
electronics,AM,0.0016233766233766235
electronics,AP,0.0012175324675324675
electronics,BA,0.03814935064935065
electronics,CE,0.016233766233766232
electronics,DF,0.019886363636363636
electronics,ES,0.028003246753246752
electronics,GO,0.012987012987012988
electronics,MA,0.005275974025974026
electronics,MG,0.10146103896103896
electronics,MS,0.007711038961038961
electronics,MT,0.008116883116883116
electronics,PA,0.010957792207792208
electronics,PB,0.005275974025974026
electronics,PE,0.013798701298701298
electronics,PI,0.008522727272727272
electronics,PR,0.06655844155844155
electronics,RJ,0.15584415584415584
electronics,RN,0.00487012987012987
electronics,RO,0.002435064935064935
electronics,RR,0.0008116883116883117
electronics,RS,0.06209415584415585
electronics,SC,0.045048701298701296
electronics,SE,0.00487012987012987
electronics,SP,0.3693181818181818
electronics,TO,0.002435064935064935
fashio_female_clothing,BA,0.02857142857142857
fashio_female_clothing,DF,0.02857142857142857
fashio_female_clothing,ES,0.02857142857142857
fashio_female_clothing,GO,0.05714285714285714
fashio_female_clothing,MG,0.2
fashio_female_clothing,MT,0.02857142857142857
fashio_female_clothing,PB,0.02857142857142857
fashio_female_clothing,PR,0.05714285714285714
fashio_female_clothing,RJ,0.02857142857142857
fashio_female_clothing,SC,0.02857142857142857
fashio_female_clothing,SP,0.4857142857142857
fashion_bags_accessories,AC,0.0005896226415094339
fashion_bags_accessories,AL,0.0023584905660377358
fashion_bags_accessories,AM,0.0005896226415094339
fashion_bags_accessories,BA,0.03891509433962264
fashion_bags_accessories,CE,0.01474056603773585
fashion_bags_accessories,DF,0.022995283018867923
fashion_bags_accessories,ES,0.02358490566037736
fashion_bags_accessories,GO,0.02535377358490566
fashion_bags_accessories,MA,0.01179245283018868
fashion_bags_accessories,MG,0.1320754716981132
fashion_bags_accessories,MS,0.008254716981132075
fashion_bags_accessories,MT,0.007075471698113208
fashion_bags_accessories,PA,0.017099056603773585
fashion_bags_accessories,PB,0.00589622641509434
fashion_bags_accessories,PE,0.015919811320754717
fashion_bags_accessories,PI,0.0023584905660377358
fashion_bags_accessories,PR,0.057193396226415096
fashion_bags_accessories,RJ,0.1008254716981132
fashion_bags_accessories,RN,0.004127358490566038
fashion_bags_accessories,RO,0.003537735849056604
fashion_bags_accessories,RS,0.04186320754716981
fashion_bags_accessories,SC,0.03891509433962264
fashion_bags_accessories,SE,0.0047169811320754715
fashion_bags_accessories,SP,0.41627358490566035
fashion_bags_accessories,TO,0.00294811320754717
fashion_childrens_clothes,BA,0.14285714285714285
fashion_childrens_clothes,RJ,0.14285714285714285
fashion_childrens_clothes,SC,0.14285714285714285
fashion_childrens_clothes,SP,0.5714285714285714
fashion_male_clothing,BA,0.06
fashion_male_clothing,CE,0.01
fashion_male_clothing,ES,0.03
fashion_male_clothing,GO,0.03
fashion_male_clothing,MA,0.01
fashion_male_clothing,MG,0.13
fashion_male_clothing,MT,0.01
fashion_male_clothing,PA,0.02
fashion_male_clothing,PR,0.1
fashion_male_clothing,RJ,0.1
fashion_male_clothing,RS,0.06
fashion_male_clothing,SC,0.02
fashion_male_clothing,SP,0.42
fashion_shoes,AC,0.008849557522123894
fashion_shoes,AL,0.01327433628318584
fashion_shoes,BA,0.030973451327433628
fashion_shoes,CE,0.008849557522123894
fashion_shoes,DF,0.030973451327433628
fashion_shoes,ES,0.022123893805309734
fashion_shoes,GO,0.02654867256637168
fashion_shoes,MA,0.004424778761061947
fashion_shoes,MG,0.17699115044247787
fashion_shoes,MS,0.017699115044247787
fashion_shoes,MT,0.01327433628318584
fashion_shoes,PA,0.017699115044247787
fashion_shoes,PB,0.004424778761061947
fashion_shoes,PE,0.030973451327433628
fashion_shoes,PI,0.004424778761061947
fashion_shoes,PR,0.07079646017699115
fashion_shoes,RJ,0.08849557522123894
fashion_shoes,RN,0.004424778761061947
fashion_shoes,RO,0.004424778761061947
fashion_shoes,RS,0.04424778761061947
fashion_shoes,SC,0.022123893805309734
fashion_shoes,SP,0.3495575221238938
fashion_shoes,TO,0.004424778761061947
fashion_sport,BA,0.041666666666666664
fashion_sport,DF,0.041666666666666664
fashion_sport,MA,0.041666666666666664
fashion_sport,MG,0.08333333333333333
fashion_sport,PA,0.041666666666666664
fashion_sport,PR,0.041666666666666664
fashion_sport,RJ,0.08333333333333333
fashion_sport,RS,0.041666666666666664
fashion_sport,SC,0.125
fashion_sport,SP,0.4583333333333333
fashion_underwear_beach,BA,0.043859649122807015
fashion_underwear_beach,DF,0.017543859649122806
fashion_underwear_beach,ES,0.008771929824561403
fashion_underwear_beach,GO,0.043859649122807015
fashion_underwear_beach,MG,0.10526315789473684
fashion_underwear_beach,MS,0.02631578947368421
fashion_underwear_beach,PA,0.02631578947368421
fashion_underwear_beach,PE,0.017543859649122806
fashion_underwear_beach,PI,0.008771929824561403
fashion_underwear_beach,PR,0.043859649122807015
fashion_underwear_beach,RJ,0.12280701754385964
fashion_underwear_beach,RS,0.02631578947368421
fashion_underwear_beach,SC,0.06140350877192982
fashion_underwear_beach,SP,0.4473684210526316
fixed_telephony,AL,0.014492753623188406
fixed_telephony,AM,0.004830917874396135
fixed_telephony,AP,0.00966183574879227
fixed_telephony,BA,0.03864734299516908
fixed_telephony,CE,0.014492753623188406
fixed_telephony,DF,0.00966183574879227
fixed_telephony,ES,0.028985507246376812
fixed_telephony,GO,0.024154589371980676
fixed_telephony,MA,0.004830917874396135
fixed_telephony,MG,0.0821256038647343
fixed_telephony,MS,0.004830917874396135
fixed_telephony,PA,0.004830917874396135
fixed_telephony,PB,0.01932367149758454
fixed_telephony,PE,0.014492753623188406
fixed_telephony,PI,0.00966183574879227
fixed_telephony,PR,0.028985507246376812
fixed_telephony,RJ,0.11594202898550725
fixed_telephony,RS,0.08695652173913043
fixed_telephony,SC,0.024154589371980676
fixed_telephony,SE,0.004830917874396135
fixed_telephony,SP,0.4444444444444444
fixed_telephony,TO,0.00966183574879227
flowers,ES,0.06896551724137931
flowers,GO,0.034482758620689655
flowers,MG,0.13793103448275862
flowers,MS,0.034482758620689655
flowers,PE,0.034482758620689655
flowers,RJ,0.2413793103448276
flowers,RS,0.10344827586206896
flowers,SP,0.3448275862068966
food,AL,0.002364066193853428
food,AM,0.002364066193853428
food,BA,0.028368794326241134
food,CE,0.01182033096926714
food,DF,0.016548463356973995
food,ES,0.028368794326241134
food,GO,0.014184397163120567
food,MG,0.08037825059101655
food,MS,0.009456264775413711
food,MT,0.01182033096926714
food,PB,0.004728132387706856
food,PE,0.014184397163120567
food,PI,0.002364066193853428
food,PR,0.054373522458628844
food,RJ,0.08983451536643026
food,RN,0.004728132387706856
food,RO,0.002364066193853428
food,RS,0.018912529550827423
food,SC,0.03309692671394799
food,SE,0.002364066193853428
food,SP,0.5673758865248227
food_drink,AL,0.004761904761904762
food_drink,BA,0.023809523809523808
food_drink,CE,0.014285714285714285
food_drink,DF,0.014285714285714285
food_drink,ES,0.02857142857142857
food_drink,MA,0.009523809523809525
food_drink,MG,0.09047619047619047
food_drink,MS,0.004761904761904762
food_drink,PA,0.004761904761904762
food_drink,PE,0.023809523809523808
food_drink,PI,0.004761904761904762
food_drink,PR,0.05714285714285714
food_drink,RJ,0.18571428571428572
food_drink,RN,0.01904761904761905
food_drink,RS,0.01904761904761905
food_drink,SC,0.014285714285714285
food_drink,SE,0.004761904761904762
food_drink,SP,0.47619047619047616
furniture_bedroom,BA,0.04819277108433735
furniture_bedroom,DF,0.012048192771084338
furniture_bedroom,ES,0.012048192771084338
furniture_bedroom,GO,0.012048192771084338
furniture_bedroom,MG,0.07228915662650602
furniture_bedroom,MS,0.012048192771084338
furniture_bedroom,MT,0.012048192771084338
furniture_bedroom,PR,0.03614457831325301
furniture_bedroom,RJ,0.1927710843373494
furniture_bedroom,RN,0.024096385542168676
furniture_bedroom,RS,0.012048192771084338
furniture_bedroom,SC,0.03614457831325301
furniture_bedroom,SE,0.024096385542168676
furniture_bedroom,SP,0.4939759036144578
furniture_decor,AC,0.001011804384485666
furniture_decor,AL,0.004047217537942664
furniture_decor,AM,0.0006745362563237774
furniture_decor,AP,0.0003372681281618887
furniture_decor,BA,0.03102866779089376
furniture_decor,CE,0.010286677908937605
furniture_decor,DF,0.017537942664418212
furniture_decor,ES,0.017200674536256323
furniture_decor,GO,0.015682967959527824
furniture_decor,MA,0.005902192242833052
furniture_decor,MG,0.11264755480607083
furniture_decor,MS,0.007419898819561552
furniture_decor,MT,0.008600337268128162
furniture_decor,PA,0.008263069139966273
furniture_decor,PB,0.00505902192242833
furniture_decor,PE,0.011298482293423272
furniture_decor,PI,0.0021922428330522765
furniture_decor,PR,0.0627318718381113
furniture_decor,RJ,0.13052276559865092
furniture_decor,RN,0.004890387858347387
furniture_decor,RO,0.0015177065767284991
furniture_decor,RR,0.000505902192242833
furniture_decor,RS,0.06880269814502529
furniture_decor,SC,0.04266441821247892
furniture_decor,SE,0.0032040472175379428
furniture_decor,SP,0.4239460370994941
furniture_decor,TO,0.002023608768971332
furniture_living_room,AC,0.002570694087403599
furniture_living_room,AL,0.005141388174807198
furniture_living_room,BA,0.043701799485861184
furniture_living_room,CE,0.005141388174807198
furniture_living_room,DF,0.015424164524421594
furniture_living_room,ES,0.02056555269922879
furniture_living_room,GO,0.02570694087403599
furniture_living_room,MA,0.005141388174807198
furniture_living_room,MG,0.10796915167095116
furniture_living_room,MS,0.007712082262210797
furniture_living_room,MT,0.007712082262210797
furniture_living_room,PA,0.002570694087403599
furniture_living_room,PB,0.007712082262210797
furniture_living_room,PE,0.007712082262210797
furniture_living_room,PI,0.005141388174807198
furniture_living_room,PR,0.030848329048843187
furniture_living_room,RJ,0.2236503856041131
furniture_living_room,RO,0.002570694087403599
furniture_living_room,RS,0.05398457583547558
furniture_living_room,SC,0.02313624678663239
furniture_living_room,SE,0.005141388174807198
furniture_living_room,SP,0.3856041131105398
furniture_living_room,TO,0.005141388174807198
furniture_mattress_and_upholstery,DF,0.027777777777777776
furniture_mattress_and_upholstery,GO,0.027777777777777776
furniture_mattress_and_upholstery,MG,0.08333333333333333
furniture_mattress_and_upholstery,RJ,0.19444444444444445
furniture_mattress_and_upholstery,RN,0.027777777777777776
furniture_mattress_and_upholstery,SC,0.05555555555555555
furniture_mattress_and_upholstery,SP,0.5833333333333334
garden_tools,AC,0.0006002400960384153
garden_tools,AL,0.003601440576230492
garden_tools,AM,0.0015006002400960385
garden_tools,AP,0.0006002400960384153
garden_tools,BA,0.04231692677070829
garden_tools,CE,0.013205282112845138
garden_tools,DF,0.013205282112845138
garden_tools,ES,0.022809123649459785
garden_tools,GO,0.02040816326530612
garden_tools,MA,0.005402160864345739
garden_tools,MG,0.14225690276110445
garden_tools,MS,0.006002400960384154
garden_tools,MT,0.009303721488595438
garden_tools,PA,0.0078031212484993995
garden_tools,PB,0.004201680672268907
garden_tools,PE,0.016506602641056422
garden_tools,PI,0.004501800720288115
garden_tools,PR,0.05042016806722689
garden_tools,RJ,0.15396158463385354
garden_tools,RN,0.004501800720288115
garden_tools,RO,0.001800720288115246
garden_tools,RR,0.0006002400960384153
garden_tools,RS,0.06572629051620649
garden_tools,SC,0.04231692677070829
garden_tools,SE,0.004801920768307323
garden_tools,SP,0.3592436974789916
garden_tools,TO,0.0024009603841536613
health_beauty,AC,0.0007180469123982767
health_beauty,AL,0.007060794638583054
health_beauty,AM,0.0017951172809956917
health_beauty,AP,0.0011967448539971278
health_beauty,BA,0.03709909047391096
health_beauty,CE,0.017592149353757778
health_beauty,DF,0.025730014360938247
health_beauty,ES,0.017472474868358068
health_beauty,GO,0.023815222594542843
health_beauty,MA,0.009334609861177597
health_beauty,MG,0.11416945907132599
health_beauty,MS,0.006582096696984203
health_beauty,MT,0.009932982288176162
health_beauty,PA,0.011488750598372427
health_beauty,PB,0.008855911919578746
health_beauty,PE,0.02584968884633796
health_beauty,PI,0.005864049784585926
health_beauty,PR,0.043800861656294876
health_beauty,RJ,0.10878410722833892
health_beauty,RN,0.00646242221158449
health_beauty,RO,0.002632838678793681
health_beauty,RR,0.0005983724269985639
health_beauty,RS,0.04451890856869316
health_beauty,SC,0.032790808999521304
health_beauty,SE,0.004427955959789373
health_beauty,SP,0.4279559597893729
health_beauty,TO,0.0034705600765916706
home_appliances,AL,0.0029542097488921715
home_appliances,AM,0.0029542097488921715
home_appliances,BA,0.047267355982274745
home_appliances,CE,0.008862629246676515
home_appliances,DF,0.01772525849335303
home_appliances,ES,0.019202363367799114
home_appliances,GO,0.01624815361890694
home_appliances,MA,0.004431314623338257
home_appliances,MG,0.11078286558345643
home_appliances,MS,0.005908419497784343
home_appliances,MT,0.0103397341211226
home_appliances,PA,0.013293943870014771
home_appliances,PB,0.0029542097488921715
home_appliances,PE,0.007385524372230428
home_appliances,PI,0.005908419497784343
home_appliances,PR,0.056129985228951254
home_appliances,RJ,0.09896602658788774
home_appliances,RN,0.0029542097488921715
home_appliances,RO,0.0029542097488921715
home_appliances,RR,0.004431314623338257
home_appliances,RS,0.0620384047267356
home_appliances,SC,0.03545051698670606
home_appliances,SE,0.0014771048744460858
home_appliances,SP,0.45790251107828656
home_appliances,TO,0.0014771048744460858
home_appliances_2,AL,0.009259259259259259
home_appliances_2,AM,0.004629629629629629
home_appliances_2,BA,0.018518518518518517
home_appliances_2,CE,0.013888888888888888
home_appliances_2,DF,0.018518518518518517
home_appliances_2,ES,0.013888888888888888
home_appliances_2,GO,0.013888888888888888
home_appliances_2,MG,0.08796296296296297
home_appliances_2,MS,0.013888888888888888
home_appliances_2,MT,0.009259259259259259
home_appliances_2,PE,0.009259259259259259
home_appliances_2,PI,0.004629629629629629
home_appliances_2,PR,0.05092592592592592
home_appliances_2,RJ,0.19907407407407407
home_appliances_2,RN,0.009259259259259259
home_appliances_2,RS,0.05555555555555555
home_appliances_2,SC,0.05555555555555555
home_appliances_2,SE,0.004629629629629629
home_appliances_2,SP,0.39351851851851855
home_appliances_2,TO,0.013888888888888888
home_comfort_2,BA,0.047619047619047616
home_comfort_2,ES,0.047619047619047616
home_comfort_2,GO,0.14285714285714285
home_comfort_2,MG,0.09523809523809523
home_comfort_2,PR,0.047619047619047616
home_comfort_2,RJ,0.09523809523809523
home_comfort_2,RS,0.047619047619047616
home_comfort_2,SP,0.47619047619047616
home_confort,AL,0.002793296089385475
home_confort,BA,0.025139664804469275
home_confort,CE,0.008379888268156424
home_confort,DF,0.01675977653631285
home_confort,ES,0.025139664804469275
home_confort,GO,0.019553072625698324
home_confort,MA,0.00558659217877095
home_confort,MG,0.13966480446927373
home_confort,MS,0.002793296089385475
home_confort,MT,0.008379888268156424
home_confort,PB,0.002793296089385475
home_confort,PE,0.013966480446927373
home_confort,PI,0.008379888268156424
home_confort,PR,0.0335195530726257
home_confort,RJ,0.13966480446927373
home_confort,RN,0.002793296089385475
home_confort,RO,0.002793296089385475
home_confort,RS,0.04748603351955307
home_confort,SC,0.030726256983240222
home_confort,SE,0.002793296089385475
home_confort,SP,0.4581005586592179
home_confort,TO,0.002793296089385475
home_construction,AL,0.006741573033707865
home_construction,AM,0.008988764044943821
home_construction,BA,0.02247191011235955
home_construction,CE,0.01348314606741573
home_construction,DF,0.015730337078651686
home_construction,ES,0.029213483146067417
home_construction,GO,0.024719101123595506
home_construction,MA,0.006741573033707865
home_construction,MG,0.11910112359550562
home_construction,MS,0.01348314606741573
home_construction,MT,0.01348314606741573
home_construction,PA,0.0022471910112359553
home_construction,PB,0.011235955056179775
home_construction,PE,0.01348314606741573
home_construction,PI,0.0044943820224719105
home_construction,PR,0.04269662921348315
home_construction,RJ,0.10786516853932585
home_construction,RN,0.0022471910112359553
home_construction,RS,0.07415730337078652
home_construction,SC,0.0449438202247191
home_construction,SE,0.0022471910112359553
home_construction,SP,0.41797752808988764
home_construction,TO,0.0022471910112359553
housewares,AC,0.0003629764065335753
housewares,AL,0.0014519056261343012
housewares,AM,0.000544464609800363
housewares,AP,0.0007259528130671506
housewares,BA,0.023956442831215972
housewares,CE,0.00780399274047187
housewares,DF,0.021234119782214157
housewares,ES,0.017422867513611617
housewares,GO,0.016696914700544463
housewares,MA,0.003992740471869328
housewares,MG,0.1192377495462795
housewares,MS,0.005989110707803993
housewares,MT,0.006896551724137931
housewares,PA,0.0054446460980036296
housewares,PB,0.0030852994555353903
housewares,PE,0.009074410163339383
housewares,PI,0.002540834845735027
housewares,PR,0.04900181488203267
housewares,RJ,0.12341197822141561
housewares,RN,0.003629764065335753
housewares,RO,0.0009074410163339383
housewares,RS,0.060980036297640657
housewares,SC,0.038112522686025406
housewares,SE,0.0012704174228675136
housewares,SP,0.47441016333938296
housewares,TO,0.0018148820326678765
industry_commerce_and_business,AL,0.004464285714285714
industry_commerce_and_business,BA,0.017857142857142856
industry_commerce_and_business,CE,0.008928571428571428
industry_commerce_and_business,DF,0.022321428571428572
industry_commerce_and_business,ES,0.008928571428571428
industry_commerce_and_business,GO,0.026785714285714284
industry_commerce_and_business,MA,0.004464285714285714
industry_commerce_and_business,MG,0.0625
industry_commerce_and_business,MS,0.004464285714285714
industry_commerce_and_business,MT,0.008928571428571428
industry_commerce_and_business,PB,0.013392857142857142
industry_commerce_and_business,PE,0.008928571428571428
industry_commerce_and_business,PI,0.013392857142857142
industry_commerce_and_business,PR,0.03571428571428571
industry_commerce_and_business,RJ,0.09821428571428571
industry_commerce_and_business,RN,0.004464285714285714
industry_commerce_and_business,RS,0.08035714285714286
industry_commerce_and_business,SC,0.05803571428571429
industry_commerce_and_business,SE,0.013392857142857142
industry_commerce_and_business,SP,0.5
industry_commerce_and_business,TO,0.004464285714285714
kitchen_dining_laundry_garden_furniture,AL,0.004291845493562232
kitchen_dining_laundry_garden_furniture,BA,0.012875536480686695
kitchen_dining_laundry_garden_furniture,CE,0.004291845493562232
kitchen_dining_laundry_garden_furniture,DF,0.02145922746781116
kitchen_dining_laundry_garden_furniture,ES,0.004291845493562232
kitchen_dining_laundry_garden_furniture,GO,0.008583690987124463
kitchen_dining_laundry_garden_furniture,MG,0.09871244635193133
kitchen_dining_laundry_garden_furniture,MT,0.004291845493562232
kitchen_dining_laundry_garden_furniture,PA,0.004291845493562232
kitchen_dining_laundry_garden_furniture,PB,0.004291845493562232
kitchen_dining_laundry_garden_furniture,PE,0.017167381974248927
kitchen_dining_laundry_garden_furniture,PR,0.05150214592274678
kitchen_dining_laundry_garden_furniture,RJ,0.1759656652360515
kitchen_dining_laundry_garden_furniture,RN,0.008583690987124463
kitchen_dining_laundry_garden_furniture,RS,0.05150214592274678
kitchen_dining_laundry_garden_furniture,SC,0.02575107296137339
kitchen_dining_laundry_garden_furniture,SP,0.4978540772532189
kitchen_dining_laundry_garden_furniture,TO,0.004291845493562232
la_cuisine,GO,0.08333333333333333
la_cuisine,MG,0.16666666666666666
la_cuisine,RS,0.25
la_cuisine,SC,0.16666666666666666
la_cuisine,SP,0.3333333333333333
luggage_accessories,AC,0.0020325203252032522
luggage_accessories,AL,0.00508130081300813
luggage_accessories,AM,0.0020325203252032522
luggage_accessories,BA,0.029471544715447155
luggage_accessories,CE,0.018292682926829267
luggage_accessories,DF,0.023373983739837397
luggage_accessories,ES,0.01524390243902439
luggage_accessories,GO,0.01016260162601626
luggage_accessories,MA,0.007113821138211382
luggage_accessories,MG,0.1717479674796748
luggage_accessories,MS,0.009146341463414634
luggage_accessories,MT,0.008130081300813009
luggage_accessories,PA,0.007113821138211382
luggage_accessories,PB,0.007113821138211382
luggage_accessories,PE,0.013211382113821139
luggage_accessories,PI,0.00508130081300813
luggage_accessories,PR,0.047764227642276426
luggage_accessories,RJ,0.10670731707317073
luggage_accessories,RN,0.0010162601626016261
luggage_accessories,RO,0.006097560975609756
luggage_accessories,RS,0.052845528455284556
luggage_accessories,SC,0.034552845528455285
luggage_accessories,SE,0.003048780487804878
luggage_accessories,SP,0.4115853658536585
luggage_accessories,TO,0.0020325203252032522
market_place,AC,0.003787878787878788
market_place,AL,0.007575757575757576
market_place,AM,0.003787878787878788
market_place,BA,0.015151515151515152
market_place,CE,0.015151515151515152
market_place,DF,0.015151515151515152
market_place,ES,0.026515151515151516
market_place,GO,0.022727272727272728
market_place,MA,0.015151515151515152
market_place,MG,0.11742424242424243
market_place,MS,0.007575757575757576
market_place,MT,0.01893939393939394
market_place,PA,0.01893939393939394
market_place,PB,0.007575757575757576
market_place,PE,0.011363636363636364
market_place,PI,0.007575757575757576
market_place,PR,0.05303030303030303
market_place,RJ,0.10984848484848485
market_place,RN,0.007575757575757576
market_place,RO,0.003787878787878788
market_place,RS,0.07196969696969698
market_place,SC,0.05303030303030303
market_place,SE,0.011363636363636364
market_place,SP,0.3712121212121212
market_place,TO,0.003787878787878788
music,AM,0.030303030303030304
music,CE,0.030303030303030304
music,DF,0.030303030303030304
music,GO,0.030303030303030304
music,MG,0.12121212121212122
music,PR,0.15151515151515152
music,RJ,0.24242424242424243
music,RS,0.030303030303030304
music,SP,0.3333333333333333
musical_instruments,AC,0.0016750418760469012
musical_instruments,AL,0.0016750418760469012
musical_instruments,AM,0.0016750418760469012
musical_instruments,AP,0.0033500837520938024
musical_instruments,BA,0.048576214405360134
musical_instruments,CE,0.011725293132328308
musical_instruments,DF,0.01675041876046901
musical_instruments,ES,0.03015075376884422
musical_instruments,GO,0.01507537688442211
musical_instruments,MA,0.01507537688442211
musical_instruments,MG,0.10720268006700168
musical_instruments,MS,0.011725293132328308
musical_instruments,MT,0.008375209380234505
musical_instruments,PA,0.01507537688442211
musical_instruments,PB,0.006700167504187605
musical_instruments,PE,0.018425460636515914
musical_instruments,PI,0.008375209380234505
musical_instruments,PR,0.05527638190954774
musical_instruments,RJ,0.12060301507537688
musical_instruments,RN,0.0033500837520938024
musical_instruments,RO,0.0016750418760469012
musical_instruments,RS,0.048576214405360134
musical_instruments,SC,0.038525963149078725
musical_instruments,SE,0.005025125628140704
musical_instruments,SP,0.4036850921273032
musical_instruments,TO,0.0016750418760469012
office_furniture,AL,0.0024529844644317253
office_furniture,AM,0.001635322976287817
office_furniture,BA,0.04905968928863451
office_furniture,CE,0.017988552739165987
office_furniture,DF,0.013900245298446443
office_furniture,ES,0.019623875715453803
office_furniture,GO,0.017170891251022075
office_furniture,MA,0.011447260834014717
office_furniture,MG,0.10629599345870809
office_furniture,MS,0.003270645952575634
office_furniture,MT,0.011447260834014717
office_furniture,PA,0.016353229762878167
office_furniture,PB,0.005723630417007359
office_furniture,PE,0.01553556827473426
office_furniture,PI,0.006541291905151268
office_furniture,PR,0.041700735895339326
office_furniture,RJ,0.16598528209321342
office_furniture,RN,0.004088307440719542
office_furniture,RO,0.004088307440719542
office_furniture,RR,0.0008176614881439084
office_furniture,RS,0.044153720359771054
office_furniture,SC,0.03188879803761243
office_furniture,SE,0.0024529844644317253
office_furniture,SP,0.40228945216680295
office_furniture,TO,0.004088307440719542
party_supplies,DF,0.02702702702702703
party_supplies,ES,0.05405405405405406
party_supplies,GO,0.02702702702702703
party_supplies,MG,0.10810810810810811
party_supplies,PI,0.02702702702702703
party_supplies,PR,0.05405405405405406
party_supplies,RJ,0.13513513513513514
party_supplies,RS,0.05405405405405406
party_supplies,SC,0.05405405405405406
party_supplies,SP,0.4594594594594595
perfumery,AC,0.0010030090270812437
perfumery,AL,0.0036776997659645604
perfumery,AM,0.0006686726847208291
perfumery,BA,0.026078234704112337
perfumery,CE,0.017051153460381142
perfumery,DF,0.02574389836175192
perfumery,ES,0.020060180541624874
perfumery,GO,0.02540956201939151
perfumery,MA,0.009695753928452023
perfumery,MG,0.12002674690738883
perfumery,MS,0.006686726847208292
perfumery,MT,0.007355399531929121
perfumery,PA,0.010364426613172852
perfumery,PB,0.005349381477766633
perfumery,PE,0.014042126379137413
perfumery,PI,0.0050150451354062184
perfumery,PR,0.04513540621865597
perfumery,RJ,0.13005683717820127
perfumery,RN,0.006686726847208292
perfumery,RO,0.001671681711802073
perfumery,RR,0.00033433634236041456
perfumery,RS,0.046472751588097626
perfumery,SC,0.033099297893681046
perfumery,SE,0.0020060180541624875
perfumery,SP,0.43229689067201604
perfumery,TO,0.004012036108324975
pet_shop,AL,0.0018393623543838135
pet_shop,AM,0.002452483139178418
pet_shop,AP,0.0006131207847946045
pet_shop,BA,0.03188228080931944
pet_shop,CE,0.00797057020232986
pet_shop,DF,0.02023298589822195
pet_shop,ES,0.012875536480686695
pet_shop,GO,0.015328019619865114
pet_shop,MA,0.004904966278356836
pet_shop,MG,0.12814224402207236
pet_shop,MS,0.0134886572654813
pet_shop,MT,0.00797057020232986
pet_shop,PA,0.00674432863274065
pet_shop,PB,0.004904966278356836
pet_shop,PE,0.012875536480686695
pet_shop,PI,0.004291845493562232
pet_shop,PR,0.04475781729000613
pet_shop,RJ,0.11587982832618025
pet_shop,RN,0.004904966278356836
pet_shop,RO,0.004904966278356836
pet_shop,RS,0.04721030042918455
pet_shop,SC,0.04782342121397915
pet_shop,SE,0.0018393623543838135
pet_shop,SP,0.4537093807480074
pet_shop,TO,0.002452483139178418
security_and_services,DF,0.5
security_and_services,RO,0.5
signaling_and_security,BA,0.044444444444444446
signaling_and_security,DF,0.02962962962962963
signaling_and_security,ES,0.02962962962962963
signaling_and_security,GO,0.037037037037037035
signaling_and_security,MG,0.07407407407407407
signaling_and_security,MS,0.007407407407407408
signaling_and_security,MT,0.007407407407407408
signaling_and_security,PA,0.007407407407407408
signaling_and_security,PB,0.007407407407407408
signaling_and_security,PE,0.007407407407407408
signaling_and_security,PR,0.022222222222222223
signaling_and_security,RJ,0.11851851851851852
signaling_and_security,RN,0.007407407407407408
signaling_and_security,RS,0.0962962962962963
signaling_and_security,SC,0.02962962962962963
signaling_and_security,SE,0.007407407407407408
signaling_and_security,SP,0.4666666666666667
small_appliances,AC,0.0016835016835016834
small_appliances,BA,0.030303030303030304
small_appliances,CE,0.011784511784511785
small_appliances,DF,0.03535353535353535
small_appliances,ES,0.003367003367003367
small_appliances,GO,0.015151515151515152
small_appliances,MA,0.003367003367003367
small_appliances,MG,0.09595959595959595
small_appliances,MS,0.008417508417508417
small_appliances,MT,0.011784511784511785
small_appliances,PA,0.013468013468013467
small_appliances,PB,0.005050505050505051
small_appliances,PE,0.005050505050505051
small_appliances,PR,0.06397306397306397
small_appliances,RJ,0.13131313131313133
small_appliances,RN,0.005050505050505051
small_appliances,RO,0.0016835016835016834
small_appliances,RS,0.06565656565656566
small_appliances,SC,0.04208754208754209
small_appliances,SE,0.005050505050505051
small_appliances,SP,0.4444444444444444
small_appliances_home_oven_and_coffee,BA,0.04225352112676056
small_appliances_home_oven_and_coffee,MG,0.14084507042253522
small_appliances_home_oven_and_coffee,MS,0.014084507042253521
small_appliances_home_oven_and_coffee,MT,0.014084507042253521
small_appliances_home_oven_and_coffee,PE,0.014084507042253521
small_appliances_home_oven_and_coffee,PR,0.11267605633802817
small_appliances_home_oven_and_coffee,RJ,0.08450704225352113
small_appliances_home_oven_and_coffee,RO,0.014084507042253521
small_appliances_home_oven_and_coffee,RS,0.04225352112676056
small_appliances_home_oven_and_coffee,SC,0.056338028169014086
small_appliances_home_oven_and_coffee,SP,0.4507042253521127
small_appliances_home_oven_and_coffee,TO,0.014084507042253521
sports_leisure,AC,0.0011103400416377516
sports_leisure,AL,0.004302567661346287
sports_leisure,AM,0.0016655100624566274
sports_leisure,AP,0.0008327550312283137
sports_leisure,BA,0.03275503122831367
sports_leisure,CE,0.012074947952810548
sports_leisure,DF,0.02512144344205413
sports_leisure,ES,0.02095766828591256
sports_leisure,GO,0.01970853573907009
sports_leisure,MA,0.007633587786259542
sports_leisure,MG,0.11186675919500347
sports_leisure,MS,0.00791117279666898
sports_leisure,MT,0.008743927827897293
sports_leisure,PA,0.009576682859125607
sports_leisure,PB,0.0037473976405274115
sports_leisure,PE,0.01707147814018043
sports_leisure,PI,0.0038861901457321307
sports_leisure,PR,0.055933379597501734
sports_leisure,RJ,0.11991672449687717
sports_leisure,RN,0.002775850104094379
sports_leisure,RO,0.002081887578070784
sports_leisure,RR,0.0006939625260235947
sports_leisure,RS,0.054823039555863984
sports_leisure,SC,0.04149895905621096
sports_leisure,SE,0.0038861901457321307
sports_leisure,SP,0.4262317834836919
sports_leisure,TO,0.0031922276197085355
stationery,AC,0.0009090909090909091
stationery,AL,0.0036363636363636364
stationery,AM,0.0027272727272727275
stationery,AP,0.0009090909090909091
stationery,BA,0.03272727272727273
stationery,CE,0.013181818181818182
stationery,DF,0.019090909090909092
stationery,ES,0.02090909090909091
stationery,GO,0.018636363636363635
stationery,MA,0.007272727272727273
stationery,MG,0.10454545454545454
stationery,MS,0.008636363636363636
stationery,MT,0.01090909090909091
stationery,PA,0.01
stationery,PB,0.007272727272727273
stationery,PE,0.02090909090909091
stationery,PI,0.0036363636363636364
stationery,PR,0.05272727272727273
stationery,RJ,0.12818181818181817
stationery,RN,0.005
stationery,RO,0.003181818181818182
stationery,RR,0.00045454545454545455
stationery,RS,0.05909090909090909
stationery,SC,0.03590909090909091
stationery,SE,0.0013636363636363637
stationery,SP,0.4268181818181818
stationery,TO,0.0013636363636363637
tablets_printing_image,AM,0.0136986301369863
tablets_printing_image,BA,0.0684931506849315
tablets_printing_image,CE,0.0136986301369863
tablets_printing_image,ES,0.0547945205479452
tablets_printing_image,GO,0.0136986301369863
tablets_printing_image,MA,0.0136986301369863
tablets_printing_image,MG,0.1095890410958904
tablets_printing_image,MS,0.0136986301369863
tablets_printing_image,MT,0.0273972602739726
tablets_printing_image,PA,0.0547945205479452
tablets_printing_image,PE,0.0273972602739726
tablets_printing_image,PI,0.0410958904109589
tablets_printing_image,PR,0.0410958904109589
tablets_printing_image,RJ,0.136986301369863
tablets_printing_image,RS,0.0136986301369863
tablets_printing_image,SP,0.3561643835616438
telephony,AC,0.0012531328320802004
telephony,AL,0.006015037593984963
telephony,AM,0.0035087719298245615
telephony,AP,0.0010025062656641604
telephony,BA,0.05338345864661654
telephony,CE,0.02180451127819549
telephony,DF,0.019799498746867168
telephony,ES,0.02581453634085213
telephony,GO,0.027819548872180452
telephony,MA,0.014536340852130326
telephony,MG,0.11102756892230577
telephony,MS,0.006265664160401002
telephony,MT,0.014035087719298246
telephony,PA,0.016791979949874688
telephony,PB,0.006015037593984963
telephony,PE,0.02957393483709273
telephony,PI,0.007769423558897243
telephony,PR,0.054385964912280704
telephony,RJ,0.09523809523809523
telephony,RN,0.005513784461152882
telephony,RO,0.0037593984962406013
telephony,RR,0.0010025062656641604
telephony,RS,0.059899749373433585
telephony,SC,0.0380952380952381
telephony,SE,0.006265664160401002
telephony,SP,0.3644110275689223
telephony,TO,0.005012531328320802
toys,AC,0.000544069640914037
toys,AL,0.003264417845484222
toys,AM,0.001632208922742111
toys,AP,0.0008161044613710555
toys,BA,0.02883569096844396
toys,CE,0.016050054406964092
toys,DF,0.02366702937976061
toys,ES,0.02366702937976061
toys,GO,0.019042437431991296
toys,MA,0.005168661588683352
toys,MG,0.11996735582154516
toys,MS,0.008705114254624592
toys,MT,0.010337323177366704
toys,PA,0.007072905331882481
toys,PB,0.004080522306855278
toys,PE,0.013601741022850925
toys,PI,0.007072905331882481
toys,PR,0.05277475516866159
toys,RJ,0.14064200217627856
toys,RN,0.005984766050054407
toys,RO,0.002720348204570185
toys,RS,0.05250272034820457
toys,SC,0.029923830250272034
toys,SE,0.0029923830250272033
toys,SP,0.41566920565832427
toys,TO,0.003264417845484222
watches_gifts,AC,0.0007524454477050414
watches_gifts,AL,0.006207674943566591
watches_gifts,AM,0.0018811136192626034
watches_gifts,AP,0.0013167795334838223
watches_gifts,BA,0.03912716328066215
watches_gifts,CE,0.023702031602708805
watches_gifts,DF,0.02577125658389767
watches_gifts,ES,0.02577125658389767
watches_gifts,GO,0.02577125658389767
watches_gifts,MA,0.010158013544018058
watches_gifts,MG,0.11023325808878856
watches_gifts,MS,0.00545522949586155
watches_gifts,MT,0.01072234762979684
watches_gifts,PA,0.012791572610985704
watches_gifts,PB,0.0069601203912716325
watches_gifts,PE,0.02652370203160271
watches_gifts,PI,0.0069601203912716325
watches_gifts,PR,0.04966139954853273
watches_gifts,RJ,0.14240030097817907
watches_gifts,RN,0.008465011286681716
watches_gifts,RO,0.0024454477050413845
watches_gifts,RR,0.00018811136192626034
watches_gifts,RS,0.040443942814145976
watches_gifts,SC,0.030285929270127916
watches_gifts,SE,0.003762227238525207
watches_gifts,SP,0.3775395033860045
watches_gifts,TO,0.004702784048156509
