product_category_name_english,customer_state,predicted_conversion_rate
auto,BA,0.47317195
auto,PR,0.47201812
auto,RJ,0.48353305
auto,SP,0.4809102
auto,ES,0.456999
auto,RS,0.11442073
auto,SC,0.5158299
auto,MG,0.4588424
auto,PI,0.374413
auto,GO,0.4884604
auto,DF,0.4975601
auto,MS,0.49160293
auto,CE,0.35933882
auto,PE,0.3672285
auto,PA,0.46687368
auto,TO,0.47201812
auto,SE,0.3170281
auto,AL,0.26182035
auto,MT,0.47201812
auto,RN,0.6189094
auto,AC,0.36773854
auto,MA,0.3667808
auto,RO,0.47201812
auto,AM,0.527058
auto,PB,0.4392154
auto,RR,0.22839563
auto,AP,0.2442215
baby,BA,0.36271253
baby,PR,0.36046714
baby,RJ,0.37236446
baby,SP,0.41396198
baby,ES,0.14979008
baby,RS,0.36164317
baby,SC,0.39697075
baby,MG,0.3495089
baby,PI,0.36164317
baby,GO,0.38731787
baby,DF,0.38557425
baby,MS,0.37994397
baby,CE,0.26222616
baby,PE,0.26887852
baby,PA,0.27091527
baby,TO,0.36164317
baby,SE,0.24381179
baby,AL,0.1835133
baby,MT,0.3807403
baby,RN,0.37586096
baby,AC,0.21428725
baby,MA,0.26849985
baby,RO,0.36164317
baby,AM,0.28413874
baby,PB,0.33169216
baby,RR,0.16110148
baby,AP,0.16996613
home_appliances_2,BA,0.18194573
home_appliances_2,PR,0.18050243
home_appliances_2,RJ,0.34042013
home_appliances_2,SP,0.1866083
home_appliances_2,ES,0.16902363
home_appliances_2,RS,0.18125774
home_appliances_2,SC,0.2789754
home_appliances_2,MG,0.17353068
home_appliances_2,PI,0.18125774
home_appliances_2,GO,0.19810028
home_appliances_2,DF,0.19693464
home_appliances_2,MS,0.18626855
home_appliances_2,CE,0.12258429
home_appliances_2,PE,0.14166242
home_appliances_2,PA,0.12679555
home_appliances_2,TO,0.18125774
home_appliances_2,SE,0.10309784
home_appliances_2,AL,0.0807401
home_appliances_2,MT,0.19372004
home_appliances_2,RN,0.2006227
home_appliances_2,AC,0.09631267
home_appliances_2,MA,0.12544398
home_appliances_2,RO,0.18125774
home_appliances_2,AM,0.1342801
home_appliances_2,PB,0.16244444
home_appliances_2,RR,0.06829388
home_appliances_2,AP,0.07409131
health_beauty,BA,0.3989301
health_beauty,PR,0.39659998
health_beauty,RJ,0.40892735
health_beauty,SP,0.4146763
health_beauty,ES,0.37771276
health_beauty,RS,0.39782056
health_beauty,SC,0.43427798
health_beauty,MG,0.38520494
health_beauty,PI,0.39782056
health_beauty,GO,0.42435634
health_beauty,DF,0.49561203
health_beauty,MS,0.4167568
health_beauty,CE,0.29302347
health_beauty,PE,0.30013928
health_beauty,PA,0.24285087
health_beauty,TO,0.39782056
health_beauty,SE,0.25540826
health_beauty,AL,0.20766829
health_beauty,MT,0.41757843
health_beauty,RN,0.41254154
health_beauty,AC,0.24129574
health_beauty,MA,0.29973462
health_beauty,RO,0.39782056
health_beauty,AM,0.5017577
health_beauty,PB,0.36659402
health_beauty,RR,0.17947593
health_beauty,AP,0.15003516
furniture_decor,BA,0.60541844
furniture_decor,PR,0.5942842
furniture_decor,RJ,0.56134945
furniture_decor,SP,0.60406953
furniture_decor,ES,0.5749531
furniture_decor,RS,0.59551275
furniture_decor,SC,0.6311
furniture_decor,MG,0.5826943
furniture_decor,PI,0.59551275
furniture_decor,GO,0.60600823
furniture_decor,DF,0.61989146
furniture_decor,MS,0.61426026
furniture_decor,CE,0.48016346
furniture_decor,PE,0.39956713
furniture_decor,PA,0.521278
furniture_decor,TO,0.59551275
furniture_decor,SE,0.43324685
furniture_decor,AL,0.36872712
furniture_decor,MT,0.6150606
furniture_decor,RN,0.23491257
furniture_decor,AC,0.41478187
furniture_decor,MA,0.53982973
furniture_decor,RO,0.59551275
furniture_decor,AM,0.50775397
furniture_decor,PB,0.6674485
furniture_decor,RR,0.3277134
furniture_decor,AP,0.34732342
electronics,BA,0.4622775
electronics,PR,0.45986044
electronics,RJ,0.47261405
electronics,SP,0.46999654
electronics,ES,0.4401582
electronics,RS,0.46112698
electronics,SC,0.5947
electronics,MG,0.44799736
electronics,PI,0.46112698
electronics,GO,0.48846018
electronics,DF,0.48662278
electronics,MS,0.4806713
electronics,CE,0.34932742
electronics,PE,0.32588467
electronics,PA,0.3594963
electronics,TO,0.46112698
electronics,SE,0.3076295
electronics,AL,0.25345114
electronics,MT,0.4815149
electronics,RN,0.4763375
electronics,AC,0.29176217
electronics,MA,0.35667753
electronics,RO,0.46112698
electronics,AM,0.37482068
electronics,PB,0.42846695
electronics,RR,0.22077525
electronics,AP,0.23623477
perfumery,BA,0.32659286
perfumery,PR,0.3244572
perfumery,RJ,0.33579007
perfumery,SP,0.3582367
perfumery,ES,0.30725616
perfumery,RS,0.32557556
perfumery,SC,0.35936332
perfumery,MG,0.31405613
perfumery,PI,0.32557556
perfumery,GO,0.350094
perfumery,DF,0.34842265
perfumery,MS,0.34303197
perfumery,CE,0.232463
perfumery,PE,0.23860453
perfumery,PA,0.24048738
perfumery,TO,0.32557556
perfumery,SE,0.20041804
perfumery,AL,0.38833314
perfumery,MT,0.3437939
perfumery,RN,0.3391287
perfumery,AC,0.1885745
perfumery,MA,0.24321839
perfumery,RO,0.32557556
perfumery,AM,0.25274047
perfumery,PB,0.29722083
perfumery,RR,0.13780844
perfumery,AP,0.14856601
pet_shop,BA,0.4259723
pet_shop,PR,0.42359558
pet_shop,RJ,0.43615553
pet_shop,SP,0.40168223
pet_shop,ES,0.4042841
pet_shop,RS,0.42484075
pet_shop,SC,0.3532262
pet_shop,MG,0.4119545
pet_shop,PI,0.42484075
pet_shop,GO,0.45182654
pet_shop,DF,0.45000577
pet_shop,MS,0.34495997
pet_shop,CE,0.31666887
pet_shop,PE,0.32409564
pet_shop,PA,0.32636395
pet_shop,TO,0.42484075
pet_shop,SE,0.27720848
pet_shop,AL,0.226634
pet_shop,MT,0.44494906
pet_shop,RN,0.43983126
pet_shop,AC,0.26231578
pet_shop,MA,0.35022357
pet_shop,RO,0.42484075
pet_shop,AM,0.34102795
pet_shop,PB,0.392877
pet_shop,RR,0.19257721
pet_shop,AP,0.39425483
bed_bath_table,BA,0.35968825
bed_bath_table,PR,0.3574511
bed_bath_table,RJ,0.38351807
bed_bath_table,SP,0.3792258
bed_bath_table,ES,0.2770818
bed_bath_table,RS,0.3586228
bed_bath_table,SC,0.3938374
bed_bath_table,MG,0.3465349
bed_bath_table,PI,0.3586228
bed_bath_table,GO,0.38421214
bed_bath_table,DF,0.38247374
bed_bath_table,MS,0.37686095
bed_bath_table,CE,0.25969836
bed_bath_table,PE,0.2663097
bed_bath_table,PA,0.26833412
bed_bath_table,TO,0.3586228
bed_bath_table,SE,0.22499958
bed_bath_table,AL,0.18155757
bed_bath_table,MT,0.37765482
bed_bath_table,RN,0.3727912
bed_bath_table,AC,0.2120887
bed_bath_table,MA,0.2659334
bed_bath_table,RO,0.3586228
bed_bath_table,AM,0.28148025
bed_bath_table,PB,0.32879308
bed_bath_table,RR,0.20919435
bed_bath_table,AP,0.16812505
cool_stuff,BA,0.23114717
cool_stuff,PR,0.229423
cool_stuff,RJ,0.23860893
cool_stuff,SP,0.22952072
cool_stuff,ES,0.25718787
cool_stuff,RS,0.2303255
cool_stuff,SC,0.23951732
cool_stuff,MG,0.22107148
cool_stuff,PI,0.2303255
cool_stuff,GO,0.25033337
cool_stuff,DF,0.24895582
cool_stuff,MS,0.33101586
cool_stuff,CE,0.15806922
cool_stuff,PE,0.2425646
cool_stuff,PA,0.16407454
cool_stuff,TO,0.2303255
cool_stuff,SE,0.13448258
cool_stuff,AL,0.113711916
cool_stuff,MT,0.24515128
cool_stuff,RN,0.2413324
cool_stuff,AC,0.1259218
cool_stuff,MA,0.11902071
cool_stuff,RO,0.2303255
cool_stuff,AM,0.1733228
cool_stuff,PB,0.17349134
cool_stuff,RR,0.09014857
cool_stuff,AP,0.09316561
computers_accessories,BA,0.393959
computers_accessories,PR,0.39163896
computers_accessories,RJ,0.40391538
computers_accessories,SP,0.3852542
computers_accessories,ES,0.24766038
computers_accessories,RS,0.3928542
computers_accessories,SC,0.42918086
computers_accessories,MG,0.33256167
computers_accessories,PI,0.3928542
computers_accessories,GO,0.34363306
computers_accessories,DF,0.41749987
computers_accessories,MS,0.41171575
computers_accessories,CE,0.2887381
computers_accessories,PE,0.29579335
computers_accessories,PA,0.2979509
computers_accessories,TO,0.3928542
computers_accessories,SE,0.25147733
computers_accessories,AL,0.20427057
computers_accessories,MT,0.41253448
computers_accessories,RN,0.4075158
computers_accessories,AC,0.23751271
computers_accessories,MA,0.29539213
computers_accessories,RO,0.3928542
computers_accessories,AM,0.3119294
computers_accessories,PB,0.31311557
computers_accessories,RR,0.1764367
computers_accessories,AP,0.18954675
sports_leisure,BA,0.40459928
sports_leisure,PR,0.40225825
sports_leisure,RJ,0.41464064
sports_leisure,SP,0.41209328
sports_leisure,ES,0.38327268
sports_leisure,RS,0.4034846
sports_leisure,SC,0.44008178
sports_leisure,MG,0.29971772
sports_leisure,PI,0.4034846
sports_leisure,GO,0.4301283
sports_leisure,DF,0.42832667
sports_leisure,MS,0.4225013
sports_leisure,CE,0.29793364
sports_leisure,PE,0.3051172
sports_leisure,PA,0.30731305
sports_leisure,TO,0.4034846
sports_leisure,SE,0.30037877
sports_leisure,AL,0.27343798
sports_leisure,MT,0.42332605
sports_leisure,RN,0.41826954
sports_leisure,AC,0.2456403
sports_leisure,MA,0.30470878
sports_leisure,RO,0.4034846
sports_leisure,AM,0.32152963
sports_leisure,PB,0.27418151
sports_leisure,RR,0.18297583
sports_leisure,AP,0.19645585
office_furniture,BA,0.14002565
office_furniture,PR,0.13885842
office_furniture,RJ,0.18531643
office_furniture,SP,0.14380278
office_furniture,ES,0.1296091
office_furniture,RS,0.13946913
office_furniture,SC,0.15848155
office_furniture,MG,0.13323364
office_furniture,PI,0.13946913
office_furniture,GO,0.15315501
office_furniture,DF,0.15220365
office_furniture,MS,0.14915387
office_furniture,CE,0.09229762
office_furniture,PE,0.10964973
office_furniture,PA,0.09608939
office_furniture,TO,0.13946913
office_furniture,SE,0.07762044
office_furniture,AL,0.060415555
office_furniture,MT,0.14958322
office_furniture,RN,0.14696313
office_furniture,AC,0.072376736
office_furniture,MA,0.0950296
office_furniture,RO,0.13946913
office_furniture,AM,0.10197315
office_furniture,PB,0.12433453
office_furniture,RR,0.050928842
office_furniture,AP,0.05533975
consoles_games,BA,0.393959
consoles_games,PR,0.39163896
consoles_games,RJ,0.40391538
consoles_games,SP,0.40138876
consoles_games,ES,0.372842
consoles_games,RS,0.3928542
consoles_games,SC,0.42918086
consoles_games,MG,0.38029665
consoles_games,PI,0.3928542
consoles_games,GO,0.41928938
consoles_games,DF,0.41749987
consoles_games,MS,0.41171575
consoles_games,CE,0.2887381
consoles_games,PE,0.29579335
consoles_games,PA,0.2979509
consoles_games,TO,0.3928542
consoles_games,SE,0.25147733
consoles_games,AL,0.20427057
consoles_games,MT,0.41253448
consoles_games,RN,0.4075158
consoles_games,AC,0.23751271
consoles_games,MA,0.29539213
consoles_games,RO,0.3928542
consoles_games,AM,0.3119294
consoles_games,PB,0.36178327
consoles_games,RR,0.1764367
consoles_games,AP,0.18954675
telephony,BA,0.6407047
telephony,PR,0.63846236
telephony,RJ,0.6502066
telephony,SP,0.64781374
telephony,ES,0.5701007
telephony,RS,0.6396383
telephony,SC,0.6734721
telephony,MG,0.6273432
telephony,PI,0.6396383
telephony,GO,0.66450465
telephony,DF,0.6628632
telephony,MS,0.65751684
telephony,CE,0.52687514
telephony,PE,0.5478305
telephony,PA,0.5379395
telephony,TO,0.6396383
telephony,SE,0.47960532
telephony,AL,0.41321528
telephony,MT,0.6582774
telephony,RN,0.65359527
telephony,AC,0.46077085
telephony,MA,0.53489
telephony,RO,0.6396383
telephony,AM,0.55428773
telephony,PB,0.6086146
telephony,RR,0.37015474
telephony,AP,0.390828
watches_gifts,BA,0.36769304
watches_gifts,PR,0.3654345
watches_gifts,RJ,0.37739903
watches_gifts,SP,0.37493393
watches_gifts,ES,0.34717748
watches_gifts,RS,0.36661747
watches_gifts,SC,0.40212488
watches_gifts,MG,0.25308847
watches_gifts,PI,0.36661747
watches_gifts,GO,0.38204494
watches_gifts,DF,0.47031274
watches_gifts,MS,0.3850181
watches_gifts,CE,0.26640376
watches_gifts,PE,0.2731228
watches_gifts,PA,0.27517954
watches_gifts,TO,0.36661747
watches_gifts,SE,0.23108868
watches_gifts,AL,0.19258158
watches_gifts,MT,0.38581854
watches_gifts,RN,0.38091412
watches_gifts,AC,0.21792665
watches_gifts,MA,0.27816024
watches_gifts,RO,0.36661747
watches_gifts,AM,0.28852883
watches_gifts,PB,0.33647165
watches_gifts,RR,0.16082485
watches_gifts,AP,0.17394151
toys,BA,0.22380145
toys,PR,0.27094564
toys,RJ,0.25845447
toys,SP,0.30378363
toys,ES,0.25806943
toys,RS,0.27195382
toys,SC,0.3026742
toys,MG,0.4029421
toys,PI,0.27195382
toys,GO,0.29419565
toys,DF,0.29267094
toys,MS,0.28776187
toys,CE,0.20056579
toys,PE,0.1951618
toys,PA,0.19679041
toys,TO,0.27195382
toys,SE,0.16600221
toys,AL,0.12906896
toys,MT,0.3540677
toys,RN,0.28421545
toys,AC,0.27219045
toys,MA,0.19485928
toys,RO,0.27195382
toys,AM,0.20742516
toys,PB,0.2465618
toys,RR,0.11006477
toys,AP,0.118955396
garden_tools,BA,0.5555642
garden_tools,PR,0.38695222
garden_tools,RJ,0.52436346
garden_tools,SP,0.5217429
garden_tools,ES,0.49742764
garden_tools,RS,0.5128417
garden_tools,SC,0.55020887
garden_tools,MG,0.49960476
garden_tools,PI,0.5128417
garden_tools,GO,0.54016757
garden_tools,DF,0.5383404
garden_tools,MS,0.53241235
garden_tools,CE,0.39775875
garden_tools,PE,0.40595752
garden_tools,PA,0.4084525
garden_tools,TO,0.5128417
garden_tools,SE,0.5343747
garden_tools,AL,0.29460847
garden_tools,MT,0.53325355
garden_tools,RN,0.52808636
garden_tools,AC,0.336338
garden_tools,MA,0.40549287
garden_tools,RO,0.5128417
garden_tools,AM,0.42448074
garden_tools,PB,0.47978002
garden_tools,RR,0.25846356
garden_tools,AP,0.27562866
fixed_telephony,BA,0.43113256
fixed_telephony,PR,0.42874858
fixed_telephony,RJ,0.4413443
fixed_telephony,SP,0.43875593
fixed_telephony,ES,0.40936902
fixed_telephony,RS,0.4299976
fixed_telephony,SC,0.46711636
fixed_telephony,MG,0.2988791
fixed_telephony,PI,0.4299976
fixed_telephony,GO,0.4570506
fixed_telephony,DF,0.4552262
fixed_telephony,MS,0.44932267
fixed_telephony,CE,0.32124606
fixed_telephony,PE,0.3287285
fixed_telephony,PA,0.33101332
fixed_telephony,TO,0.4299976
fixed_telephony,SE,0.2814502
fixed_telephony,AL,0.23034848
fixed_telephony,MT,0.45015886
fixed_telephony,RN,0.44502923
fixed_telephony,AC,0.2664136
fixed_telephony,MA,0.32830343
fixed_telephony,RO,0.4299976
fixed_telephony,AM,0.345779
fixed_telephony,PB,0.5336544
fixed_telephony,RR,0.19985372
fixed_telephony,AP,0.21425107
home_confort,BA,0.30281287
home_confort,PR,0.30076325
home_confort,RJ,0.3116503
home_confort,SP,0.30940127
home_confort,ES,0.2842897
home_confort,RS,0.30183643
home_confort,SC,0.33438206
home_confort,MG,0.25145733
home_confort,PI,0.30183643
home_confort,GO,0.32542977
home_confort,DF,0.32381746
home_confort,MS,0.3186213
home_confort,CE,0.21336533
home_confort,PE,0.2191463
home_confort,PA,0.22092013
home_confort,TO,0.30183643
home_confort,SE,0.18332413
home_confort,AL,0.14640856
home_confort,MT,0.3193554
home_confort,RN,0.31486273
home_confort,AC,0.17227307
home_confort,MA,0.21881671
home_confort,RO,0.30183643
home_confort,AM,0.2324814
home_confort,PB,0.27470705
home_confort,RR,0.1252183
home_confort,AP,0.1351471
stationery,BA,0.28783295
stationery,PR,0.28584316
stationery,RJ,0.29641908
stationery,SP,0.26246142
stationery,ES,0.26987138
stationery,RS,0.28688496
stationery,SC,0.29746157
stationery,MG,0.2761739
stationery,PI,0.28688496
stationery,GO,0.30982822
stationery,DF,0.3082579
stationery,MS,0.29821667
stationery,CE,0.20153119
stationery,PE,0.11914285
stationery,PA,0.2087782
stationery,TO,0.28688496
stationery,SE,0.17279023
stationery,AL,0.14585602
stationery,MT,0.30391386
stationery,RN,0.3747162
stationery,AC,0.16224803
stationery,MA,0.20675972
stationery,RO,0.28688496
stationery,AM,0.21988344
stationery,PB,0.2605978
stationery,RR,0.11754268
stationery,AP,0.12695117
housewares,BA,0.44966912
housewares,PR,0.44726318
housewares,RJ,0.4599649
housewares,SP,0.4721718
housewares,ES,0.3934535
housewares,RS,0.44852382
housewares,SC,0.48587868
housewares,MG,0.435463
housewares,PI,0.44852382
housewares,GO,0.47576955
housewares,DF,0.47393566
housewares,MS,0.4679979
housewares,CE,0.33786407
housewares,PE,0.34553656
housewares,PA,0.34787768
housewares,TO,0.44852382
housewares,SE,0.2969101
housewares,AL,0.24395439
housewares,MT,0.46883932
housewares,RN,0.4636763
housewares,AC,0.28137097
housewares,MA,0.34510088
housewares,RO,0.44852382
housewares,AM,0.36298746
housewares,PB,0.4160672
housewares,RR,0.21215494
housewares,AP,0.22718684
home_appliances,BA,0.36470905
home_appliances,PR,0.28516188
home_appliances,RJ,0.2685486
home_appliances,SP,0.26649016
home_appliances,ES,0.41107723
home_appliances,RS,0.25958014
home_appliances,SC,0.28945842
home_appliances,MG,0.24953179
home_appliances,PI,0.25958014
home_appliances,GO,0.2812008
home_appliances,DF,0.35620674
home_appliances,MS,0.27494058
home_appliances,CE,0.18029612
home_appliances,PE,0.18539232
home_appliances,PA,0.18695833
home_appliances,TO,0.25958014
home_appliances,SE,0.1539995
home_appliances,AL,0.12210603
home_appliances,MT,0.2756147
home_appliances,RN,0.27149191
home_appliances,AC,0.1444036
home_appliances,MA,0.18510148
home_appliances,RO,0.25958014
home_appliances,AM,0.19719224
home_appliances,PB,0.23497054
home_appliances,RR,0.104004644
home_appliances,AP,0.11246761
books_general_interest,BA,0.28215563
books_general_interest,PR,0.28018966
books_general_interest,RJ,0.29064152
books_general_interest,SP,0.28848058
books_general_interest,ES,0.26441687
books_general_interest,RS,0.28121895
books_general_interest,SC,0.30540708
books_general_interest,MG,0.27063915
books_general_interest,PI,0.28121895
books_general_interest,GO,0.30390218
books_general_interest,DF,0.30234876
books_general_interest,MS,0.2973456
books_general_interest,CE,0.19708501
books_general_interest,PE,0.29986998
books_general_interest,PA,0.66704315
books_general_interest,TO,0.28121895
books_general_interest,SE,0.16884404
books_general_interest,AL,0.13436458
books_general_interest,MT,0.2980521
books_general_interest,RN,0.59011203
books_general_interest,AC,0.1584965
books_general_interest,MA,0.20222741
books_general_interest,RO,0.28121895
books_general_interest,AM,0.2151415
books_general_interest,PB,0.25526518
books_general_interest,RR,0.11468332
books_general_interest,AP,0.12389507
air_conditioning,BA,0.393959
air_conditioning,PR,0.39163896
air_conditioning,RJ,0.40391538
air_conditioning,SP,0.40138876
air_conditioning,ES,0.372842
air_conditioning,RS,0.3928542
air_conditioning,SC,0.42918086
air_conditioning,MG,0.38029665
air_conditioning,PI,0.3928542
air_conditioning,GO,0.41928938
air_conditioning,DF,0.41749987
air_conditioning,MS,0.41171575
air_conditioning,CE,0.2887381
air_conditioning,PE,0.29579335
air_conditioning,PA,0.2979509
air_conditioning,TO,0.3928542
air_conditioning,SE,0.25147733
air_conditioning,AL,0.20427057
air_conditioning,MT,0.41253448
air_conditioning,RN,0.4075158
air_conditioning,AC,0.23751271
air_conditioning,MA,0.29539213
air_conditioning,RO,0.3928542
air_conditioning,AM,0.3119294
air_conditioning,PB,0.36178327
air_conditioning,RR,0.1764367
air_conditioning,AP,0.18954675
audio,BA,0.15577568
audio,PR,0.1645728
audio,RJ,0.40884915
audio,SP,0.15989867
audio,ES,0.14438418
audio,RS,0.15516785
audio,SC,0.44604036
audio,MG,0.14835149
audio,PI,0.15516785
audio,GO,0.17008974
audio,DF,0.16905417
audio,MS,0.16573277
audio,CE,0.1033243
audio,PE,0.10652763
audio,PA,0.107515395
audio,TO,0.15516785
audio,SE,0.087061815
audio,AL,0.06791832
audio,MT,0.16620052
audio,RN,0.16334534
audio,AC,0.08123644
audio,MA,0.11430182
audio,RO,0.15516785
audio,AM,0.1140105
audio,PB,0.13860409
audio,RR,0.057325337
audio,AP,0.062253866
luggage_accessories,BA,0.31267813
luggage_accessories,PR,0.31059152
luggage_accessories,RJ,0.32167068
luggage_accessories,SP,0.38872516
luggage_accessories,ES,0.29380587
luggage_accessories,RS,0.31168413
luggage_accessories,SC,0.25945196
luggage_accessories,MG,0.30043727
luggage_accessories,PI,0.31168413
luggage_accessories,GO,0.33567715
luggage_accessories,DF,0.3340392
luggage_accessories,MS,0.3287588
luggage_accessories,CE,0.48834154
luggage_accessories,PE,0.22717397
luggage_accessories,PA,0.24049848
luggage_accessories,TO,0.31168413
luggage_accessories,SE,0.38914785
luggage_accessories,AL,0.15229137
luggage_accessories,MT,0.32950494
luggage_accessories,RN,0.3249376
luggage_accessories,AC,0.1789773
luggage_accessories,MA,0.22683582
luggage_accessories,RO,0.31168413
luggage_accessories,AM,0.4290741
luggage_accessories,PB,0.28402972
luggage_accessories,RR,0.13037975
luggage_accessories,AP,0.14065202
fashion_bags_accessories,BA,0.44741118
fashion_bags_accessories,PR,0.5707234
fashion_bags_accessories,RJ,0.5832317
fashion_bags_accessories,SP,0.5806761
fashion_bags_accessories,ES,0.55111766
fashion_bags_accessories,RS,0.5719719
fashion_bags_accessories,SC,0.60826796
fashion_bags_accessories,MG,0.55895996
fashion_bags_accessories,PI,0.5719719
fashion_bags_accessories,GO,0.5985772
fashion_bags_accessories,DF,0.59680885
fashion_bags_accessories,MS,0.4684084
fashion_bags_accessories,CE,0.4560414
fashion_bags_accessories,PE,0.4645149
fashion_bags_accessories,PA,0.61417526
fashion_bags_accessories,TO,0.5719719
fashion_bags_accessories,SE,0.40962455
fashion_bags_accessories,AL,0.3464721
fashion_bags_accessories,MT,0.59187776
fashion_bags_accessories,RN,0.58377814
fashion_bags_accessories,AC,0.3914709
fashion_bags_accessories,MA,0.48425472
fashion_bags_accessories,RO,0.5719719
fashion_bags_accessories,AM,0.48353517
fashion_bags_accessories,PB,0.6081077
fashion_bags_accessories,RR,0.30673102
fashion_bags_accessories,AP,0.32569376
musical_instruments,BA,0.26820895
musical_instruments,PR,0.2663041
musical_instruments,RJ,0.27643692
musical_instruments,SP,0.3260704
musical_instruments,ES,0.25104037
musical_instruments,RS,0.26730135
musical_instruments,SC,0.297711
musical_instruments,MG,0.25705788
musical_instruments,PI,0.26730135
musical_instruments,GO,0.28931382
musical_instruments,DF,0.2878041
musical_instruments,MS,0.28294402
musical_instruments,CE,0.18625225
musical_instruments,PE,0.19147749
musical_instruments,PA,0.19308272
musical_instruments,TO,0.26730135
musical_instruments,SE,0.15925568
musical_instruments,AL,0.12643637
musical_instruments,MT,0.2836301
musical_instruments,RN,0.27943373
musical_instruments,AC,0.14939015
musical_instruments,MA,0.19117932
musical_instruments,RO,0.26730135
musical_instruments,AM,0.20356794
musical_instruments,PB,0.2421992
musical_instruments,RR,0.10777183
musical_instruments,AP,0.16648483
costruction_tools_garden,BA,0.7446181
costruction_tools_garden,PR,0.742764
costruction_tools_garden,RJ,0.75243384
costruction_tools_garden,SP,0.7504719
costruction_tools_garden,ES,0.7108832
costruction_tools_garden,RS,0.74373686
costruction_tools_garden,SC,0.7712916
costruction_tools_garden,MG,0.77010083
costruction_tools_garden,PI,0.74373686
costruction_tools_garden,GO,0.7640695
costruction_tools_garden,DF,0.76274127
costruction_tools_garden,MS,0.75840145
costruction_tools_garden,CE,0.6454943
costruction_tools_garden,PE,0.6532604
costruction_tools_garden,PA,0.65559787
costruction_tools_garden,TO,0.74373686
costruction_tools_garden,SE,0.6011031
costruction_tools_garden,AL,0.53519124
costruction_tools_garden,MT,0.7590201
costruction_tools_garden,RN,0.7552049
costruction_tools_garden,AC,0.58284116
costruction_tools_garden,MA,0.6528238
costruction_tools_garden,RO,0.74373686
costruction_tools_garden,AM,0.74373686
costruction_tools_garden,PB,0.71772
costruction_tools_garden,RR,0.49003494
costruction_tools_garden,AP,0.59771556
fashion_childrens_clothes,BA,0.393959
fashion_childrens_clothes,PR,0.39163896
fashion_childrens_clothes,RJ,0.40391538
fashion_childrens_clothes,SP,0.40138876
fashion_childrens_clothes,ES,0.372842
fashion_childrens_clothes,RS,0.3928542
fashion_childrens_clothes,SC,0.42918086
fashion_childrens_clothes,MG,0.38029665
fashion_childrens_clothes,PI,0.3928542
fashion_childrens_clothes,GO,0.41928938
fashion_childrens_clothes,DF,0.41749987
fashion_childrens_clothes,MS,0.41171575
fashion_childrens_clothes,CE,0.2887381
fashion_childrens_clothes,PE,0.29579335
fashion_childrens_clothes,PA,0.2979509
fashion_childrens_clothes,TO,0.3928542
fashion_childrens_clothes,SE,0.25147733
fashion_childrens_clothes,AL,0.20427057
fashion_childrens_clothes,MT,0.41253448
fashion_childrens_clothes,RN,0.4075158
fashion_childrens_clothes,AC,0.23751271
fashion_childrens_clothes,MA,0.29539213
fashion_childrens_clothes,RO,0.3928542
fashion_childrens_clothes,AM,0.3119294
fashion_childrens_clothes,PB,0.36178327
fashion_childrens_clothes,RR,0.1764367
fashion_childrens_clothes,AP,0.18954675
furniture_living_room,BA,0.36670464
furniture_living_room,PR,0.36444867
furniture_living_room,RJ,0.37640005
furniture_living_room,SP,0.3739376
furniture_living_room,ES,0.34621403
furniture_living_room,RS,0.36563024
furniture_living_room,SC,0.40110263
furniture_living_room,MG,0.3534363
furniture_living_room,PI,0.36563024
furniture_living_room,GO,0.39141446
furniture_living_room,DF,0.3896641
furniture_living_room,MS,0.38401142
furniture_living_room,CE,0.2655732
furniture_living_room,PE,0.27227908
furniture_living_room,PA,0.27433193
furniture_living_room,TO,0.36563024
furniture_living_room,SE,0.2303337
furniture_living_room,AL,0.18610916
furniture_living_room,MT,0.38481104
furniture_living_room,RN,0.3799115
furniture_living_room,AC,0.21720251
furniture_living_room,MA,0.27189746
furniture_living_room,RO,0.36563024
furniture_living_room,AM,0.28765637
furniture_living_room,PB,0.3355226
furniture_living_room,RR,0.1764367
furniture_living_room,AP,0.17241077
food,BA,0.49935108
food,PR,0.49691936
food,RJ,0.5097308
food,SP,0.50710535
food,ES,0.4770316
food,RS,0.4981938
food,SC,0.53566724
food,MG,0.4849586
food,PI,0.4981938
food,GO,0.5255812
food,DF,0.52374715
food,MS,0.51779956
food,CE,0.3838082
food,PE,0.3919065
food,PA,0.39437243
food,TO,0.4981938
food,SE,0.34014603
food,AL,0.28257823
food,MT,0.51864326
food,RN,0.51346195
food,AC,0.3233849
food,MA,0.3914473
food,RO,0.4981938
food,AM,0.41023132
food,PB,0.46517476
food,RR,0.24739161
food,AP,0.26408324
small_appliances,BA,0.518288
small_appliances,PR,0.51585907
small_appliances,RJ,0.5286457
small_appliances,SP,0.44819066
small_appliances,ES,0.4959606
small_appliances,RS,0.51713216
small_appliances,SC,0.5544561
small_appliances,MG,0.50389904
small_appliances,PI,0.51713216
small_appliances,GO,0.54443115
small_appliances,DF,0.33636597
small_appliances,MS,0.535829
small_appliances,CE,0.40188068
small_appliances,PE,0.41010654
small_appliances,PA,0.4126093
small_appliances,TO,0.51713216
small_appliances,SE,0.35735488
small_appliances,AL,0.2981907
small_appliances,MT,0.53752625
small_appliances,RN,0.53236496
small_appliances,AC,0.34018296
small_appliances,MA,0.4096404
small_appliances,RO,0.51713216
small_appliances,AM,0.42868245
small_appliances,PB,0.48406872
small_appliances,RR,0.2617694
small_appliances,AP,0.27907142
computers,BA,0.7959801
computers,PR,0.7943959
computers,RJ,0.8026405
computers,SP,0.80097115
computers,ES,0.7810873
computers,RS,0.7952273
computers,SC,0.81859595
computers,MG,0.78646845
computers,PI,0.7952273
computers,GO,0.8125045
computers,DF,0.8113816
computers,MS,0.8077072
computers,CE,0.7090009
computers,PE,0.715988
computers,PA,0.71808505
computers,TO,0.7952273
computers,SE,0.68849075
computers,AL,0.6064092
computers,MT,0.8082315
computers,RN,0.8049953
computers,AC,0.6515122
computers,MA,0.71559596
computers,RO,0.7952273
computers,AM,0.7312439
computers,PB,0.7728414
computers,RR,0.562516
computers,AP,0.6065662
furniture_bedroom,BA,0.5570895
furniture_bedroom,PR,0.55468816
furniture_bedroom,RJ,0.56730944
furniture_bedroom,SP,0.56472903
furniture_bedroom,ES,0.5349468
furniture_bedroom,RS,0.555947
furniture_bedroom,SC,0.58705837
furniture_bedroom,MG,0.54283726
furniture_bedroom,PI,0.555947
furniture_bedroom,GO,0.5828218
furniture_bedroom,DF,0.5810327
furniture_bedroom,MS,0.5752202
furniture_bedroom,CE,0.4399263
furniture_bedroom,PE,0.4483471
furniture_bedroom,PA,0.45090488
furniture_bedroom,TO,0.555947
furniture_bedroom,SE,0.39396173
furniture_bedroom,AL,0.3318666
furniture_bedroom,MT,0.5760457
furniture_bedroom,RN,0.5709712
furniture_bedroom,AC,0.37606
furniture_bedroom,MA,0.44787052
furniture_bedroom,RO,0.555947
furniture_bedroom,AM,0.46728298
furniture_bedroom,PB,0.5230903
furniture_bedroom,RR,0.29304957
furniture_bedroom,AP,0.3115466
market_place,BA,0.44064805
market_place,PR,0.4382519
market_place,RJ,0.45090646
market_place,SP,0.448307
market_place,ES,0.41875768
market_place,RS,0.4395073
market_place,SC,0.2940467
market_place,MG,0.42650604
market_place,PI,0.4395073
market_place,GO,0.5486443
market_place,DF,0.46483892
market_place,MS,0.45891568
market_place,CE,0.32974198
market_place,PE,0.33732402
market_place,PA,0.33963835
market_place,TO,0.4395073
market_place,SE,0.2893423
market_place,AL,0.23728083
market_place,MT,0.45975494
market_place,RN,0.4546063
market_place,AC,0.27404487
market_place,MA,0.33689338
market_place,RO,0.4395073
market_place,AM,0.35458484
market_place,PB,0.40722138
market_place,RR,0.2061141
market_place,AP,0.22083797
party_supplies,BA,0.11763231
party_supplies,PR,0.11662642
party_supplies,RJ,0.11985254
party_supplies,SP,0.12089029
party_supplies,ES,0.108671084
party_supplies,RS,0.11715265
party_supplies,SC,0.13359518
party_supplies,MG,0.11178529
party_supplies,PI,0.11715265
party_supplies,GO,0.12897688
party_supplies,DF,0.12815295
party_supplies,MS,0.12551375
party_supplies,CE,0.07685505
party_supplies,PE,0.0793103
party_supplies,PA,0.08006832
party_supplies,TO,0.11715265
party_supplies,SE,0.09467545
party_supplies,AL,0.050013322
party_supplies,MT,0.12588511
party_supplies,RN,0.123619825
party_supplies,AC,0.060046613
party_supplies,MA,0.07916971
party_supplies,RO,0.11715265
party_supplies,AM,0.08506334
party_supplies,PB,0.14998451
party_supplies,RR,0.042086825
party_supplies,AP,0.045768827
art,BA,0.053811297
art,PR,0.053318184
art,RJ,0.08601624
art,SP,0.036556374
art,ES,0.049439542
art,RS,0.05357609
art,SC,0.061719354
art,MG,0.0509534
art,PI,0.05357609
art,GO,0.059415378
art,DF,0.05900572
art,MS,0.057696294
art,CE,0.034297634
art,PE,0.035445545
art,PA,0.03580064
art,TO,0.05357609
art,SE,0.028553493
art,AL,0.03084304
art,MT,0.05788031
art,RN,0.056759294
art,AC,0.026529187
art,MA,0.038254436
art,RO,0.05357609
art,AM,0.03814856
art,PB,0.047250446
art,RR,0.01839815
art,AP,0.020051124
home_construction,BA,0.56453043
home_construction,PR,0.56213766
home_construction,RJ,0.5747097
home_construction,SP,0.57214016
home_construction,ES,0.5471021
home_construction,RS,0.40392545
home_construction,SC,0.45338875
home_construction,MG,0.21341826
home_construction,PI,0.56339204
home_construction,GO,0.45904335
home_construction,DF,0.58836854
home_construction,MS,0.5825848
home_construction,CE,0.59734184
home_construction,PE,0.45583037
home_construction,PA,0.45839533
home_construction,TO,0.56339204
home_construction,SE,0.40119737
home_construction,AL,0.338599
home_construction,MT,0.5834063
home_construction,RN,0.57835543
home_construction,AC,0.38317478
home_construction,MA,0.45535237
home_construction,RO,0.56339204
home_construction,AM,0.47481027
home_construction,PB,0.5306211
home_construction,RR,0.2993473
home_construction,AP,0.31806302
books_technical,BA,0.16211016
books_technical,PR,0.09817267
books_technical,RJ,0.10280455
books_technical,SP,0.101839684
books_technical,ES,0.091345906
books_technical,RS,0.09862493
books_technical,SC,0.112799354
books_technical,MG,0.13004838
books_technical,PI,0.09862493
books_technical,GO,0.43684742
books_technical,DF,0.108098604
books_technical,MS,0.105822265
books_technical,CE,0.06423664
books_technical,PE,0.06631775
books_technical,PA,0.06696064
books_technical,TO,0.09862493
books_technical,SE,0.053757448
books_technical,AL,0.04160331
books_technical,MT,0.10614245
books_technical,RN,0.104190044
books_technical,AC,0.050038353
books_technical,MA,0.06619858
books_technical,RO,0.09862493
books_technical,AM,0.071201265
books_technical,PB,0.08747203
books_technical,RR,0.034960657
books_technical,AP,0.03804401
costruction_tools_tools,BA,0.35420126
costruction_tools_tools,PR,0.4413037
costruction_tools_tools,RJ,0.4539752
costruction_tools_tools,SP,0.4513726
costruction_tools_tools,ES,0.42177564
costruction_tools_tools,RS,0.44256097
costruction_tools_tools,SC,0.47985137
costruction_tools_tools,MG,0.42953864
costruction_tools_tools,PI,0.44256097
costruction_tools_tools,GO,0.6131413
costruction_tools_tools,DF,0.46792167
costruction_tools_tools,MS,0.4619931
costruction_tools_tools,CE,0.33248538
costruction_tools_tools,PE,0.34009847
costruction_tools_tools,PA,0.34242204
costruction_tools_tools,TO,0.44256097
costruction_tools_tools,SE,0.291896
costruction_tools_tools,AL,0.23952992
costruction_tools_tools,MT,0.46283314
costruction_tools_tools,RN,0.4576792
costruction_tools_tools,AC,0.2765161
costruction_tools_tools,MA,0.33966613
costruction_tools_tools,RO,0.44256097
costruction_tools_tools,AM,0.3574247
costruction_tools_tools,PB,0.41021493
costruction_tools_tools,RR,0.20814846
costruction_tools_tools,AP,0.22297674
industry_commerce_and_business,BA,0.5134413
industry_commerce_and_business,PR,0.511011
industry_commerce_and_business,RJ,0.52380747
industry_commerce_and_business,SP,0.5211866
industry_commerce_and_business,ES,0.49110985
industry_commerce_and_business,RS,0.5122847
industry_commerce_and_business,SC,0.5496571
industry_commerce_and_business,MG,0.49904743
industry_commerce_and_business,PI,0.5122847
industry_commerce_and_business,GO,0.5396138
industry_commerce_and_business,DF,0.5377863
industry_commerce_and_business,MS,0.5318573
industry_commerce_and_business,CE,0.39722493
industry_commerce_and_business,PE,0.40542006
industry_commerce_and_business,PA,0.407914
industry_commerce_and_business,TO,0.5122847
industry_commerce_and_business,SE,0.35291064
industry_commerce_and_business,AL,0.29414546
industry_commerce_and_business,MT,0.5326986
industry_commerce_and_business,RN,0.5275308
industry_commerce_and_business,AC,0.33584058
industry_commerce_and_business,MA,0.4049556
industry_commerce_and_business,RO,0.5122847
industry_commerce_and_business,AM,0.42393622
industry_commerce_and_business,PB,0.513627
industry_commerce_and_business,RR,0.25803652
industry_commerce_and_business,AP,0.2751838
construction_tools_construction,BA,0.42961526
construction_tools_construction,PR,0.4272333
construction_tools_construction,RJ,0.42304802
construction_tools_construction,SP,0.43723235
construction_tools_construction,ES,0.40787336
construction_tools_construction,RS,0.42848122
construction_tools_construction,SC,0.46557605
construction_tools_construction,MG,0.41556433
construction_tools_construction,PI,0.42848122
construction_tools_construction,GO,0.45551512
construction_tools_construction,DF,0.45369175
construction_tools_construction,MS,0.4477917
construction_tools_construction,CE,0.31989798
construction_tools_construction,PE,0.32736418
construction_tools_construction,PA,0.3296442
construction_tools_construction,TO,0.42848122
construction_tools_construction,SE,0.28020018
construction_tools_construction,AL,0.22925301
construction_tools_construction,MT,0.44862744
construction_tools_construction,RN,0.44350114
construction_tools_construction,AC,0.2652057
construction_tools_construction,MA,0.32694
construction_tools_construction,RO,0.42848122
construction_tools_construction,AM,0.3443802
construction_tools_construction,PB,0.39643237
construction_tools_construction,RR,0.19886582
construction_tools_construction,AP,0.20027412
food_drink,BA,0.81764805
food_drink,PR,0.81619334
food_drink,RJ,0.72512746
food_drink,SP,0.82222754
food_drink,ES,0.8052175
food_drink,RS,0.7284287
food_drink,SC,0.8383498
food_drink,MG,0.8089042
food_drink,PI,0.8169569
food_drink,GO,0.8327862
food_drink,DF,0.8317596
food_drink,MS,0.8283983
food_drink,CE,0.7379869
food_drink,PE,0.74341303
food_drink,PA,0.7674959
food_drink,TO,0.8169569
food_drink,SE,0.6985591
food_drink,AL,0.54842395
food_drink,MT,0.8288781
food_drink,RN,0.8259152
food_drink,AC,0.6824014
food_drink,MA,0.7430453
food_drink,RO,0.8169569
food_drink,AM,0.75769436
food_drink,PB,0.796338
food_drink,RR,0.59640706
food_drink,AP,0.6173314
signaling_and_security,BA,0.53014094
signaling_and_security,PR,0.5277173
signaling_and_security,RJ,0.43381482
signaling_and_security,SP,0.6287936
signaling_and_security,ES,0.5078412
signaling_and_security,RS,0.5289877
signaling_and_security,SC,0.68515635
signaling_and_security,MG,0.51577526
signaling_and_security,PI,0.5289877
signaling_and_security,GO,0.5561916
signaling_and_security,DF,0.5543756
signaling_and_security,MS,0.5292324
signaling_and_security,CE,0.4133559
signaling_and_security,PE,0.42165098
signaling_and_security,PA,0.4241735
signaling_and_security,TO,0.5289877
signaling_and_security,SE,0.36834165
signaling_and_security,AL,0.308231
signaling_and_security,MT,0.5493174
signaling_and_security,RN,0.54417616
signaling_and_security,AC,0.35093004
signaling_and_security,MA,0.42118108
signaling_and_security,RO,0.5289877
signaling_and_security,AM,0.44035944
signaling_and_security,PB,0.49594477
signaling_and_security,RR,0.27105692
signaling_and_security,AP,0.28873274
construction_tools_safety,BA,0.19048342
construction_tools_safety,PR,0.39282206
construction_tools_safety,RJ,0.19787996
construction_tools_safety,SP,0.19531253
construction_tools_safety,ES,0.17708622
construction_tools_safety,RS,0.18977061
construction_tools_safety,SC,0.21393539
construction_tools_safety,MG,0.18176122
construction_tools_safety,PI,0.18977061
construction_tools_safety,GO,0.20720398
construction_tools_safety,DF,0.20599854
construction_tools_safety,MS,0.20212781
construction_tools_safety,CE,0.12811922
construction_tools_safety,PE,0.13197802
construction_tools_safety,PA,0.14803039
construction_tools_safety,TO,0.18977061
construction_tools_safety,SE,0.10842608
construction_tools_safety,AL,0.0850224
construction_tools_safety,MT,0.20267333
construction_tools_safety,RN,0.19934142
construction_tools_safety,AC,0.13312735
construction_tools_safety,MA,0.13175741
construction_tools_safety,RO,0.18977061
construction_tools_safety,AM,0.1409665
construction_tools_safety,PB,0.21789412
construction_tools_safety,RR,0.071967706
construction_tools_safety,AP,0.07805088
construction_tools_lights,BA,0.393959
construction_tools_lights,PR,0.39163896
construction_tools_lights,RJ,0.40391538
construction_tools_lights,SP,0.4321395
construction_tools_lights,ES,0.372842
construction_tools_lights,RS,0.3928542
construction_tools_lights,SC,0.42918086
construction_tools_lights,MG,0.38029665
construction_tools_lights,PI,0.3928542
construction_tools_lights,GO,0.41928938
construction_tools_lights,DF,0.41749987
construction_tools_lights,MS,0.41171575
construction_tools_lights,CE,0.2887381
construction_tools_lights,PE,0.29579335
construction_tools_lights,PA,0.2979509
construction_tools_lights,TO,0.3928542
construction_tools_lights,SE,0.25147733
construction_tools_lights,AL,0.20427057
construction_tools_lights,MT,0.41253448
construction_tools_lights,RN,0.4075158
construction_tools_lights,AC,0.23751271
construction_tools_lights,MA,0.29539213
construction_tools_lights,RO,0.3928542
construction_tools_lights,AM,0.3119294
construction_tools_lights,PB,0.36178327
construction_tools_lights,RR,0.1764367
construction_tools_lights,AP,0.18954675
fashion_shoes,BA,0.29830107
fashion_shoes,PR,0.29626903
fashion_shoes,RJ,0.30706486
fashion_shoes,SP,0.3699349
fashion_shoes,ES,0.2799431
fashion_shoes,RS,0.297333
fashion_shoes,SC,0.3296223
fashion_shoes,MG,0.28638852
fashion_shoes,PI,0.297333
fashion_shoes,GO,0.32073605
fashion_shoes,DF,0.31913596
fashion_shoes,MS,0.31182957
fashion_shoes,CE,0.20978521
fashion_shoes,PE,0.21549575
fashion_shoes,PA,0.21724829
fashion_shoes,TO,0.297333
fashion_shoes,SE,0.18013267
fashion_shoes,AL,0.14374663
fashion_shoes,MT,0.3147084
fashion_shoes,RN,0.3102513
fashion_shoes,AC,0.16923414
fashion_shoes,MA,0.21517015
fashion_shoes,RO,0.297333
fashion_shoes,AM,0.22867382
fashion_shoes,PB,0.27045158
fashion_shoes,RR,0.122886196
fashion_shoes,AP,0.1326581
fashion_underwear_beach,BA,0.393959
fashion_underwear_beach,PR,0.39163896
fashion_underwear_beach,RJ,0.40391538
fashion_underwear_beach,SP,0.40138876
fashion_underwear_beach,ES,0.372842
fashion_underwear_beach,RS,0.3928542
fashion_underwear_beach,SC,0.42918086
fashion_underwear_beach,MG,0.38029665
fashion_underwear_beach,PI,0.3928542
fashion_underwear_beach,GO,0.41928938
fashion_underwear_beach,DF,0.41749987
fashion_underwear_beach,MS,0.41171575
fashion_underwear_beach,CE,0.2887381
fashion_underwear_beach,PE,0.29579335
fashion_underwear_beach,PA,0.2979509
fashion_underwear_beach,TO,0.3928542
fashion_underwear_beach,SE,0.25147733
fashion_underwear_beach,AL,0.20427057
fashion_underwear_beach,MT,0.41253448
fashion_underwear_beach,RN,0.4075158
fashion_underwear_beach,AC,0.23751271
fashion_underwear_beach,MA,0.29539213
fashion_underwear_beach,RO,0.3928542
fashion_underwear_beach,AM,0.3119294
fashion_underwear_beach,PB,0.36178327
fashion_underwear_beach,RR,0.1764367
fashion_underwear_beach,AP,0.18954675
tablets_printing_image,BA,0.11079575
tablets_printing_image,PR,0.10984106
tablets_printing_image,RJ,0.11495328
tablets_printing_image,SP,0.11388886
tablets_printing_image,ES,0.10229497
tablets_printing_image,RS,0.110340506
tablets_printing_image,SC,0.12596337
tablets_printing_image,MG,0.10524805
tablets_printing_image,PI,0.110340506
tablets_printing_image,GO,0.12157186
tablets_printing_image,DF,0.120788686
tablets_printing_image,MS,0.24197948
tablets_printing_image,CE,0.07219452
tablets_printing_image,PE,0.07451287
tablets_printing_image,PA,0.07522882
tablets_printing_image,TO,0.110340506
tablets_printing_image,SE,0.060501013
tablets_printing_image,AL,0.046897776
tablets_printing_image,MT,0.11863346
tablets_printing_image,RN,0.15286496
tablets_printing_image,AC,0.05634314
tablets_printing_image,MA,0.074380115
tablets_printing_image,RO,0.110340506
tablets_printing_image,AM,0.07994814
tablets_printing_image,PB,0.098006815
tablets_printing_image,RR,0.03944457
tablets_printing_image,AP,0.04290576
drinks,BA,0.5964285
drinks,PR,0.594085
drinks,RJ,0.600196
drinks,SP,0.6038719
drinks,ES,0.57475126
drinks,RS,0.59531367
drinks,SC,0.57774246
drinks,MG,0.58249336
drinks,PI,0.59531367
drinks,GO,0.6214284
drinks,DF,0.61969674
drinks,MS,0.61406446
drinks,CE,0.47995722
drinks,PE,0.48847598
drinks,PA,0.49105892
drinks,TO,0.59531367
drinks,SE,0.43304402
drinks,AL,0.36853486
drinks,MT,0.614865
drinks,RN,0.60994047
drinks,AC,0.4145813
drinks,MA,0.4066853
drinks,RO,0.59531367
drinks,AM,0.50754744
drinks,PB,0.5630806
drinks,RR,0.3275314
drinks,AP,0.34713617
kitchen_dining_laundry_garden_furniture,BA,0.393959
kitchen_dining_laundry_garden_furniture,PR,0.39163896
kitchen_dining_laundry_garden_furniture,RJ,0.40391538
kitchen_dining_laundry_garden_furniture,SP,0.40138876
kitchen_dining_laundry_garden_furniture,ES,0.372842
kitchen_dining_laundry_garden_furniture,RS,0.3928542
kitchen_dining_laundry_garden_furniture,SC,0.42918086
kitchen_dining_laundry_garden_furniture,MG,0.38029665
kitchen_dining_laundry_garden_furniture,PI,0.3928542
kitchen_dining_laundry_garden_furniture,GO,0.41928938
kitchen_dining_laundry_garden_furniture,DF,0.41749987
kitchen_dining_laundry_garden_furniture,MS,0.41171575
kitchen_dining_laundry_garden_furniture,CE,0.2887381
kitchen_dining_laundry_garden_furniture,PE,0.29579335
kitchen_dining_laundry_garden_furniture,PA,0.2979509
kitchen_dining_laundry_garden_furniture,TO,0.3928542
kitchen_dining_laundry_garden_furniture,SE,0.25147733
kitchen_dining_laundry_garden_furniture,AL,0.20427057
kitchen_dining_laundry_garden_furniture,MT,0.41253448
kitchen_dining_laundry_garden_furniture,RN,0.4075158
kitchen_dining_laundry_garden_furniture,AC,0.23751271
kitchen_dining_laundry_garden_furniture,MA,0.29539213
kitchen_dining_laundry_garden_furniture,RO,0.3928542
kitchen_dining_laundry_garden_furniture,AM,0.3119294
kitchen_dining_laundry_garden_furniture,PB,0.36178327
kitchen_dining_laundry_garden_furniture,RR,0.1764367
kitchen_dining_laundry_garden_furniture,AP,0.18954675
agro_industry_and_commerce,BA,0.2745741
agro_industry_and_commerce,PR,0.27264088
agro_industry_and_commerce,RJ,0.2788205
agro_industry_and_commerce,SP,0.28079557
agro_industry_and_commerce,ES,0.25714126
agro_industry_and_commerce,RS,0.273653
agro_industry_and_commerce,SC,0.30448502
agro_industry_and_commerce,MG,0.2632536
agro_industry_and_commerce,PI,0.273653
agro_industry_and_commerce,GO,0.29597726
agro_industry_and_commerce,DF,0.29444718
agro_industry_and_commerce,MS,0.28952056
agro_industry_and_commerce,CE,0.19118056
agro_industry_and_commerce,PE,0.19651067
agro_industry_and_commerce,PA,0.19814774
agro_industry_and_commerce,TO,0.273653
agro_industry_and_commerce,SE,0.16361327
agro_industry_and_commerce,AL,0.13003482
agro_industry_and_commerce,MT,0.29021615
agro_industry_and_commerce,RN,0.28596115
agro_industry_and_commerce,AC,0.15352705
agro_industry_and_commerce,MA,0.19620654
agro_industry_and_commerce,RO,0.273653
agro_industry_and_commerce,AM,0.2088368
agro_industry_and_commerce,PB,0.24815641
agro_industry_and_commerce,RR,0.110906534
agro_industry_and_commerce,AP,0.119855955
fashion_male_clothing,BA,0.7744854
fashion_male_clothing,PR,0.77278197
fashion_male_clothing,RJ,0.77721167
fashion_male_clothing,SP,0.779857
fashion_male_clothing,ES,0.685945
fashion_male_clothing,RS,0.7736758
fashion_male_clothing,SC,0.798882
fashion_male_clothing,MG,0.7642685
fashion_male_clothing,PI,0.7736758
fashion_male_clothing,GO,0.7922964
fashion_male_clothing,DF,0.7910837
fashion_male_clothing,MS,0.76814944
fashion_male_clothing,CE,0.69109297
fashion_male_clothing,PE,0.6893548
fashion_male_clothing,PA,0.6915638
fashion_male_clothing,TO,0.7736758
fashion_male_clothing,SE,0.63963175
fashion_male_clothing,AL,0.5755913
fashion_male_clothing,MT,0.78768337
fashion_male_clothing,RN,0.784193
fashion_male_clothing,AC,0.62202454
fashion_male_clothing,MA,0.68894196
fashion_male_clothing,RO,0.7736758
fashion_male_clothing,AM,0.6992245
fashion_male_clothing,PB,0.7496755
fashion_male_clothing,RR,0.5309198
fashion_male_clothing,AP,0.5526929
books_imported,BA,0.23089436
books_imported,PR,0.2291715
books_imported,RJ,0.23835044
books_imported,SP,0.23644865
books_imported,ES,0.21541119
books_imported,RS,0.23007327
books_imported,SC,0.25773755
books_imported,MG,0.22082648
books_imported,PI,0.23007327
books_imported,GO,0.25006637
books_imported,DF,0.24868976
books_imported,MS,0.24426368
books_imported,CE,0.15787992
books_imported,PE,0.16246808
books_imported,PA,0.25634924
books_imported,TO,0.23007327
books_imported,SE,0.13431703
books_imported,AL,0.10598917
books_imported,MT,0.24488802
books_imported,RN,0.24107188
books_imported,AC,0.12576525
books_imported,MA,0.16220602
books_imported,RO,0.23007327
books_imported,AM,0.17311901
books_imported,PB,0.20747723
books_imported,RR,0.090031914
books_imported,AP,0.09748161
la_cuisine,BA,0.44800827
la_cuisine,PR,0.44560403
la_cuisine,RJ,0.4582977
la_cuisine,SP,0.424571
la_cuisine,ES,0.4260308
la_cuisine,RS,0.4468637
la_cuisine,SC,0.4842018
la_cuisine,MG,0.4338133
la_cuisine,PI,0.4468637
la_cuisine,GO,0.4740954
la_cuisine,DF,0.4722621
la_cuisine,MS,0.46632674
la_cuisine,CE,0.33636376
la_cuisine,PE,0.3440199
la_cuisine,PA,0.37402457
la_cuisine,TO,0.4468637
la_cuisine,SE,0.29551047
la_cuisine,AL,0.24271828
la_cuisine,MT,0.46716774
la_cuisine,RN,0.46200714
la_cuisine,AC,0.28001544
la_cuisine,MA,0.34358513
la_cuisine,RO,0.4468637
la_cuisine,AM,0.3614365
la_cuisine,PB,0.41443703
la_cuisine,RR,0.21103495
la_cuisine,AP,0.22601026
home_comfort_2,BA,0.30985618
home_comfort_2,PR,0.30777994
home_comfort_2,RJ,0.31880522
home_comfort_2,SP,0.68965876
home_comfort_2,ES,0.29974943
home_comfort_2,RS,0.3088671
home_comfort_2,SC,0.34179965
home_comfort_2,MG,0.29767793
home_comfort_2,PI,0.3088671
home_comfort_2,GO,0.57589346
home_comfort_2,DF,0.3311173
home_comfort_2,MS,0.3258605
home_comfort_2,CE,0.21898153
home_comfort_2,PE,0.22487123
home_comfort_2,PA,0.22667797
home_comfort_2,TO,0.3088671
home_comfort_2,SE,0.18833895
home_comfort_2,AL,0.15059976
home_comfort_2,MT,0.32660326
home_comfort_2,RN,0.3220569
home_comfort_2,AC,0.17705114
home_comfort_2,MA,0.22453548
home_comfort_2,RO,0.3088671
home_comfort_2,AM,0.23844837
home_comfort_2,PB,0.2813605
home_comfort_2,RR,0.12889452
home_comfort_2,AP,0.16880879
cine_photo,BA,0.393959
cine_photo,PR,0.39163896
cine_photo,RJ,0.40391538
cine_photo,SP,0.40138876
cine_photo,ES,0.372842
cine_photo,RS,0.3928542
cine_photo,SC,0.42918086
cine_photo,MG,0.38029665
cine_photo,PI,0.3928542
cine_photo,GO,0.41928938
cine_photo,DF,0.41749987
cine_photo,MS,0.41171575
cine_photo,CE,0.2887381
cine_photo,PE,0.29579335
cine_photo,PA,0.2979509
cine_photo,TO,0.3928542
cine_photo,SE,0.25147733
cine_photo,AL,0.20427057
cine_photo,MT,0.41253448
cine_photo,RN,0.4075158
cine_photo,AC,0.23751271
cine_photo,MA,0.29539213
cine_photo,RO,0.3928542
cine_photo,AM,0.3119294
cine_photo,PB,0.36178327
cine_photo,RR,0.1764367
cine_photo,AP,0.18954675
furniture_mattress_and_upholstery,BA,0.24293348
furniture_mattress_and_upholstery,PR,0.24114896
furniture_mattress_and_upholstery,RJ,0.25065166
furniture_mattress_and_upholstery,SP,0.2486838
furniture_mattress_and_upholstery,ES,0.22688122
furniture_mattress_and_upholstery,RS,0.24208306
furniture_mattress_and_upholstery,SC,0.27068374
furniture_mattress_and_upholstery,MG,0.23249938
furniture_mattress_and_upholstery,PI,0.24208306
furniture_mattress_and_upholstery,GO,0.26276362
furniture_mattress_and_upholstery,DF,0.42670238
furniture_mattress_and_upholstery,MS,0.2567672
furniture_mattress_and_upholstery,CE,0.16693833
furniture_mattress_and_upholstery,PE,0.17173603
furniture_mattress_and_upholstery,PA,0.17321125
furniture_mattress_and_upholstery,TO,0.24208306
furniture_mattress_and_upholstery,SE,0.14225186
furniture_mattress_and_upholstery,AL,0.112467945
furniture_mattress_and_upholstery,MT,0.2574126
furniture_mattress_and_upholstery,RN,0.25346684
furniture_mattress_and_upholstery,AC,0.1899642
furniture_mattress_and_upholstery,MA,0.17146209
furniture_mattress_and_upholstery,RO,0.24208306
furniture_mattress_and_upholstery,AM,0.18286186
furniture_mattress_and_upholstery,PB,0.21864246
furniture_mattress_and_upholstery,RR,0.09563962
furniture_mattress_and_upholstery,AP,0.103500575
christmas_supplies,BA,0.34141552
christmas_supplies,PR,0.33923176
christmas_supplies,RJ,0.3508127
christmas_supplies,SP,0.24751137
christmas_supplies,ES,0.32162037
christmas_supplies,RS,0.3403754
christmas_supplies,SC,0.3748454
christmas_supplies,MG,0.43106014
christmas_supplies,PI,0.3403754
christmas_supplies,GO,0.36540455
christmas_supplies,DF,0.36370096
christmas_supplies,MS,0.35820383
christmas_supplies,CE,0.24456508
christmas_supplies,PE,0.2509218
christmas_supplies,PA,0.25286955
christmas_supplies,TO,0.3403754
christmas_supplies,SE,0.21131118
christmas_supplies,AL,0.16993257
christmas_supplies,MT,0.35898107
christmas_supplies,RN,0.35422105
christmas_supplies,AC,0.19898407
christmas_supplies,MA,0.25055975
christmas_supplies,RO,0.3403754
christmas_supplies,AM,0.265533
christmas_supplies,PB,0.31132674
christmas_supplies,RR,0.1459196
christmas_supplies,AP,0.15719488
music,BA,0.13504723
music,PR,0.13391504
music,RJ,0.13754494
music,SP,0.13871175
music,ES,0.12494721
music,RS,0.1345074
music,SC,0.1529637
music,MG,0.12846063
music,PI,0.1345074
music,GO,0.14779003
music,DF,0.1468662
music,MS,0.14390522
music,CE,0.08884096
music,PE,0.09164107
music,PA,0.09250514
music,TO,0.1345074
music,SE,0.09929602
music,AL,0.05807647
music,MT,0.14432202
music,RN,0.14177878
music,AC,0.06960884
music,MA,0.09148079
music,RO,0.1345074
music,AM,0.09819319
music,PB,0.15683676
music,RR,0.0489379
music,AP,0.05318599
dvds_blu_ray,BA,0.393959
dvds_blu_ray,PR,0.5530448
dvds_blu_ray,RJ,0.40391538
dvds_blu_ray,SP,0.40138876
dvds_blu_ray,ES,0.372842
dvds_blu_ray,RS,0.3928542
dvds_blu_ray,SC,0.42918086
dvds_blu_ray,MG,0.38029665
dvds_blu_ray,PI,0.3928542
dvds_blu_ray,GO,0.41928938
dvds_blu_ray,DF,0.41749987
dvds_blu_ray,MS,0.41171575
dvds_blu_ray,CE,0.2887381
dvds_blu_ray,PE,0.29579335
dvds_blu_ray,PA,0.2979509
dvds_blu_ray,TO,0.3928542
dvds_blu_ray,SE,0.25147733
dvds_blu_ray,AL,0.20427057
dvds_blu_ray,MT,0.41253448
dvds_blu_ray,RN,0.4075158
dvds_blu_ray,AC,0.23751271
dvds_blu_ray,MA,0.29539213
dvds_blu_ray,RO,0.3928542
dvds_blu_ray,AM,0.3119294
dvds_blu_ray,PB,0.36178327
dvds_blu_ray,RR,0.1764367
dvds_blu_ray,AP,0.18954675
small_appliances_home_oven_and_coffee,BA,0.034463733
small_appliances_home_oven_and_coffee,PR,0.36204234
small_appliances_home_oven_and_coffee,RJ,0.035872504
small_appliances_home_oven_and_coffee,SP,0.035510976
small_appliances_home_oven_and_coffee,ES,0.031859525
small_appliances_home_oven_and_coffee,RS,0.034310028
small_appliances_home_oven_and_coffee,SC,0.039647646
small_appliances_home_oven_and_coffee,MG,0.03259797
small_appliances_home_oven_and_coffee,PI,0.034310028
small_appliances_home_oven_and_coffee,GO,0.038134106
small_appliances_home_oven_and_coffee,DF,0.037865274
small_appliances_home_oven_and_coffee,MS,0.037006535
small_appliances_home_oven_and_coffee,CE,0.021804444
small_appliances_home_oven_and_coffee,PE,0.022543963
small_appliances_home_oven_and_coffee,PA,0.022772862
small_appliances_home_oven_and_coffee,TO,0.034310028
small_appliances_home_oven_and_coffee,SE,0.018113405
small_appliances_home_oven_and_coffee,AL,0.013899712
small_appliances_home_oven_and_coffee,MT,0.03712716
small_appliances_home_oven_and_coffee,RN,0.036392566
small_appliances_home_oven_and_coffee,AC,0.016816415
small_appliances_home_oven_and_coffee,MA,0.022501554
small_appliances_home_oven_and_coffee,RO,0.034310028
small_appliances_home_oven_and_coffee,AM,0.024287898
small_appliances_home_oven_and_coffee,PB,0.030186545
small_appliances_home_oven_and_coffee,RR,0.011626734
small_appliances_home_oven_and_coffee,AP,0.016925858
arts_and_craftmanship,BA,0.8566662
arts_and_craftmanship,PR,0.8554677
arts_and_craftmanship,RJ,0.86168975
arts_and_craftmanship,SP,0.860433
arts_and_craftmanship,ES,0.8453426
arts_and_craftmanship,RS,0.85609674
arts_and_craftmanship,SC,0.87362295
arts_and_craftmanship,MG,0.8494487
arts_and_craftmanship,PI,0.85609674
arts_and_craftmanship,GO,0.8690837
arts_and_craftmanship,DF,0.8682447
arts_and_craftmanship,MS,0.8643258
arts_and_craftmanship,CE,0.78966546
arts_and_craftmanship,PE,0.7943195
arts_and_craftmanship,PA,0.79600304
arts_and_craftmanship,TO,0.85609674
arts_and_craftmanship,SE,0.7554371
arts_and_craftmanship,AL,0.7024012
arts_and_craftmanship,MT,0.8658874
arts_and_craftmanship,RN,0.8634598
arts_and_craftmanship,AC,0.74119866
arts_and_craftmanship,MA,0.8069542
arts_and_craftmanship,RO,0.85609674
arts_and_craftmanship,AM,0.80650496
arts_and_craftmanship,PB,0.8390181
arts_and_craftmanship,RR,0.6632686
arts_and_craftmanship,AP,0.6825715
fashio_female_clothing,BA,0.73631245
fashio_female_clothing,PR,0.74239504
fashio_female_clothing,RJ,0.7520741
fashio_female_clothing,SP,0.7501102
fashio_female_clothing,ES,0.6812277
fashio_female_clothing,RS,0.74336874
fashio_female_clothing,SC,0.7709509
fashio_female_clothing,MG,0.7331362
fashio_female_clothing,PI,0.74336874
fashio_female_clothing,GO,0.7637213
fashio_female_clothing,DF,0.7623917
fashio_female_clothing,MS,0.75804764
fashio_female_clothing,CE,0.64505243
fashio_female_clothing,PE,0.65282303
fashio_female_clothing,PA,0.6551619
fashio_female_clothing,TO,0.74336874
fashio_female_clothing,SE,0.6006402
fashio_female_clothing,AL,0.53471106
fashio_female_clothing,MT,0.7586668
fashio_female_clothing,RN,0.7548479
fashio_female_clothing,AC,0.5823718
fashio_female_clothing,MA,0.6705445
fashio_female_clothing,RO,0.74336874
fashio_female_clothing,AM,0.6182406
fashio_female_clothing,PB,0.7173288
fashio_female_clothing,RR,0.48955253
fashio_female_clothing,AP,0.5972513
fashion_sport,BA,0.1731792
fashion_sport,PR,0.1717908
fashion_sport,RJ,0.1792058
fashion_sport,SP,0.17766587
fashion_sport,ES,0.16406672
fashion_sport,RS,0.17251734
fashion_sport,SC,0.19501394
fashion_sport,MG,0.16508776
fashion_sport,PI,0.17251734
fashion_sport,GO,0.18873493
fashion_sport,DF,0.1876115
fashion_sport,MS,0.18400623
fashion_sport,CE,0.11567079
fashion_sport,PE,0.11920597
fashion_sport,PA,0.2979509
fashion_sport,TO,0.17251734
fashion_sport,SE,0.09767673
fashion_sport,AL,0.076394476
fashion_sport,MT,0.17251734
fashion_sport,RN,0.23417221
fashion_sport,AC,0.09121206
fashion_sport,MA,0.11900376
fashion_sport,RO,0.17251734
fashion_sport,AM,0.12745236
fashion_sport,PB,0.1544401
fashion_sport,RR,0.06457108
fashion_sport,AP,0.070076264
flowers,BA,0.46221787
flowers,PR,0.45980087
flowers,RJ,0.47255424
flowers,SP,0.46993676
flowers,ES,0.4400991
flowers,RS,0.46106738
flowers,SC,0.4985225
flowers,MG,0.44793797
flowers,PI,0.46106738
flowers,GO,0.48840022
flowers,DF,0.48656285
flowers,MS,0.4806114
flowers,CE,0.34927288
flowers,PE,0.35706472
flowers,PA,0.35944104
flowers,TO,0.46106738
flowers,SE,0.30757836
flowers,AL,0.25340575
flowers,MT,0.481455
flowers,RN,0.47627762
flowers,AC,0.29171258
flowers,MA,0.3566225
flowers,RO,0.46106738
flowers,AM,0.37476444
flowers,PB,0.4284082
flowers,RR,0.22073397
flowers,AP,0.23619151
diapers_and_hygiene,BA,0.19476943
diapers_and_hygiene,PR,0.1932484
diapers_and_hygiene,RJ,0.20136438
diapers_and_hygiene,SP,0.19968036
diapers_and_hygiene,ES,0.1811382
diapers_and_hygiene,RS,0.19404441
diapers_and_hygiene,SC,0.21860659
diapers_and_hygiene,MG,0.18589602
diapers_and_hygiene,PI,0.19404441
diapers_and_hygiene,GO,0.21176778
diapers_and_hygiene,DF,0.21054284
diapers_and_hygiene,MS,0.20660895
diapers_and_hygiene,CE,0.13122945
diapers_and_hygiene,PE,0.13516742
diapers_and_hygiene,PA,0.13638021
diapers_and_hygiene,TO,0.19404441
diapers_and_hygiene,SE,0.111119166
diapers_and_hygiene,AL,0.08719105
diapers_and_hygiene,MT,0.20716341
diapers_and_hygiene,RN,0.20377654
diapers_and_hygiene,AC,0.10386719
diapers_and_hygiene,MA,0.13494231
diapers_and_hygiene,RO,0.19404441
diapers_and_hygiene,AM,0.144337
diapers_and_hygiene,PB,0.1741863
diapers_and_hygiene,RR,0.096058935
diapers_and_hygiene,AP,0.08005724
cds_dvds_musicals,BA,0.393959
cds_dvds_musicals,PR,0.39163896
cds_dvds_musicals,RJ,0.40391538
cds_dvds_musicals,SP,0.40138876
cds_dvds_musicals,ES,0.372842
cds_dvds_musicals,RS,0.3928542
cds_dvds_musicals,SC,0.42918086
cds_dvds_musicals,MG,0.38029665
cds_dvds_musicals,PI,0.3928542
cds_dvds_musicals,GO,0.41928938
cds_dvds_musicals,DF,0.41749987
cds_dvds_musicals,MS,0.41171575
cds_dvds_musicals,CE,0.2887381
cds_dvds_musicals,PE,0.29579335
cds_dvds_musicals,PA,0.2979509
cds_dvds_musicals,TO,0.3928542
cds_dvds_musicals,SE,0.25147733
cds_dvds_musicals,AL,0.20427057
cds_dvds_musicals,MT,0.41253448
cds_dvds_musicals,RN,0.4075158
cds_dvds_musicals,AC,0.23751271
cds_dvds_musicals,MA,0.29539213
cds_dvds_musicals,RO,0.3928542
cds_dvds_musicals,AM,0.3119294
cds_dvds_musicals,PB,0.36178327
cds_dvds_musicals,RR,0.1764367
cds_dvds_musicals,AP,0.18954675
security_and_services,BA,0.393959
security_and_services,PR,0.39163896
security_and_services,RJ,0.40391538
security_and_services,SP,0.40138876
security_and_services,ES,0.372842
security_and_services,RS,0.3928542
security_and_services,SC,0.42918086
security_and_services,MG,0.38029665
security_and_services,PI,0.3928542
security_and_services,GO,0.41928938
security_and_services,DF,0.41749987
security_and_services,MS,0.41171575
security_and_services,CE,0.2887381
security_and_services,PE,0.29579335
security_and_services,PA,0.2979509
security_and_services,TO,0.3928542
security_and_services,SE,0.25147733
security_and_services,AL,0.20427057
security_and_services,MT,0.41253448
security_and_services,RN,0.4075158
security_and_services,AC,0.23751271
security_and_services,MA,0.29539213
security_and_services,RO,0.3928542
security_and_services,AM,0.3119294
security_and_services,PB,0.36178327
security_and_services,RR,0.1764367
security_and_services,AP,0.18954675
